--
-- PostgreSQL database dump
--

-- Dumped from database version 15.1
-- Dumped by pg_dump version 15.2

SET statement_timeout = 0;
SET lock_timeout = 0;
SET idle_in_transaction_session_timeout = 0;
SET client_encoding = 'UTF8';
SET standard_conforming_strings = on;
SELECT pg_catalog.set_config('search_path', '', false);
SET check_function_bodies = false;
SET xmloption = content;
SET client_min_messages = warning;
SET row_security = off;

SET default_tablespace = '';

SET default_table_access_method = heap;

--
-- Name: auth_group; Type: TABLE; Schema: public; Owner: doadmin
--

CREATE TABLE public.auth_group (
    id integer NOT NULL,
    name character varying(150) NOT NULL
);


ALTER TABLE public.auth_group OWNER TO doadmin;

--
-- Name: auth_group_id_seq; Type: SEQUENCE; Schema: public; Owner: doadmin
--

ALTER TABLE public.auth_group ALTER COLUMN id ADD GENERATED BY DEFAULT AS IDENTITY (
    SEQUENCE NAME public.auth_group_id_seq
    START WITH 1
    INCREMENT BY 1
    NO MINVALUE
    NO MAXVALUE
    CACHE 1
);


--
-- Name: auth_group_permissions; Type: TABLE; Schema: public; Owner: doadmin
--

CREATE TABLE public.auth_group_permissions (
    id bigint NOT NULL,
    group_id integer NOT NULL,
    permission_id integer NOT NULL
);


ALTER TABLE public.auth_group_permissions OWNER TO doadmin;

--
-- Name: auth_group_permissions_id_seq; Type: SEQUENCE; Schema: public; Owner: doadmin
--

ALTER TABLE public.auth_group_permissions ALTER COLUMN id ADD GENERATED BY DEFAULT AS IDENTITY (
    SEQUENCE NAME public.auth_group_permissions_id_seq
    START WITH 1
    INCREMENT BY 1
    NO MINVALUE
    NO MAXVALUE
    CACHE 1
);


--
-- Name: auth_permission; Type: TABLE; Schema: public; Owner: doadmin
--

CREATE TABLE public.auth_permission (
    id integer NOT NULL,
    name character varying(255) NOT NULL,
    content_type_id integer NOT NULL,
    codename character varying(100) NOT NULL
);


ALTER TABLE public.auth_permission OWNER TO doadmin;

--
-- Name: auth_permission_id_seq; Type: SEQUENCE; Schema: public; Owner: doadmin
--

ALTER TABLE public.auth_permission ALTER COLUMN id ADD GENERATED BY DEFAULT AS IDENTITY (
    SEQUENCE NAME public.auth_permission_id_seq
    START WITH 1
    INCREMENT BY 1
    NO MINVALUE
    NO MAXVALUE
    CACHE 1
);


--
-- Name: devices_analoguethermostatmodel; Type: TABLE; Schema: public; Owner: doadmin
--

CREATE TABLE public.devices_analoguethermostatmodel (
    id bigint NOT NULL,
    created_at timestamp with time zone NOT NULL,
    updated_at timestamp with time zone NOT NULL,
    pin_num smallint,
    zone_id bigint,
    status boolean NOT NULL,
    serial_num character varying(60) NOT NULL,
    make character varying(60) NOT NULL,
    model character varying(60) NOT NULL,
    scheduled_override boolean NOT NULL
);


ALTER TABLE public.devices_analoguethermostatmodel OWNER TO doadmin;

--
-- Name: devices_analoguethermostatmodel_id_seq; Type: SEQUENCE; Schema: public; Owner: doadmin
--

ALTER TABLE public.devices_analoguethermostatmodel ALTER COLUMN id ADD GENERATED BY DEFAULT AS IDENTITY (
    SEQUENCE NAME public.devices_analoguethermostatmodel_id_seq
    START WITH 1
    INCREMENT BY 1
    NO MINVALUE
    NO MAXVALUE
    CACHE 1
);


--
-- Name: devices_boilermodel; Type: TABLE; Schema: public; Owner: doadmin
--

CREATE TABLE public.devices_boilermodel (
    id bigint NOT NULL,
    serial_num character varying(60) NOT NULL,
    created_at timestamp with time zone NOT NULL,
    updated_at timestamp with time zone NOT NULL,
    health_status character varying(3) NOT NULL,
    owner_id bigint,
    model character varying(60) NOT NULL,
    shutdown_temp integer,
    shutdown_enabled boolean NOT NULL,
    shutdown_active boolean NOT NULL,
    installation_date date,
    vacant_setpoint smallint,
    away_mode_enabled boolean NOT NULL,
    weekdays_offhours_end_time time without time zone,
    weekdays_offhours_start_time time without time zone,
    weekdays_offhours_enabled boolean NOT NULL,
    weekdays_offhours_setpoint smallint,
    weekend_offhours_enabled boolean NOT NULL,
    weekend_offhours_end_time time without time zone,
    weekend_offhours_setpoint smallint,
    weekend_offhours_start_time time without time zone,
    shower_duration smallint,
    forced_endswitch_state smallint NOT NULL,
    cold_pipe_delta_t integer,
    heating_optmode boolean NOT NULL,
    systemp_limit integer,
    type smallint NOT NULL,
    CONSTRAINT devices_boilermodel_cold_pipe_delta_t_check CHECK ((cold_pipe_delta_t >= 0)),
    CONSTRAINT devices_boilermodel_forced_endswitch_state_check CHECK ((forced_endswitch_state >= 0)),
    CONSTRAINT devices_boilermodel_systemp_limit_check CHECK ((systemp_limit >= 0)),
    CONSTRAINT devices_boilermodel_type_check CHECK ((type >= 0))
);


ALTER TABLE public.devices_boilermodel OWNER TO doadmin;

--
-- Name: devices_boilermodel_id_seq; Type: SEQUENCE; Schema: public; Owner: doadmin
--

ALTER TABLE public.devices_boilermodel ALTER COLUMN id ADD GENERATED BY DEFAULT AS IDENTITY (
    SEQUENCE NAME public.devices_boilermodel_id_seq
    START WITH 1
    INCREMENT BY 1
    NO MINVALUE
    NO MAXVALUE
    CACHE 1
);


--
-- Name: devices_ioniqcontrollermodel; Type: TABLE; Schema: public; Owner: doadmin
--

CREATE TABLE public.devices_ioniqcontrollermodel (
    id bigint NOT NULL,
    serial_num character varying(60) NOT NULL,
    created_at timestamp with time zone NOT NULL,
    updated_at timestamp with time zone NOT NULL,
    load_type character varying(3) NOT NULL,
    boiler_id bigint,
    owner_id bigint,
    building_id bigint,
    model_type character varying(2) NOT NULL,
    is_master boolean NOT NULL,
    systemp_correction_index integer
);


ALTER TABLE public.devices_ioniqcontrollermodel OWNER TO doadmin;

--
-- Name: devices_ioniqcontrollermodel_id_seq; Type: SEQUENCE; Schema: public; Owner: doadmin
--

ALTER TABLE public.devices_ioniqcontrollermodel ALTER COLUMN id ADD GENERATED BY DEFAULT AS IDENTITY (
    SEQUENCE NAME public.devices_ioniqcontrollermodel_id_seq
    START WITH 1
    INCREMENT BY 1
    NO MINVALUE
    NO MAXVALUE
    CACHE 1
);


--
-- Name: devices_sensormodel; Type: TABLE; Schema: public; Owner: doadmin
--

CREATE TABLE public.devices_sensormodel (
    id bigint NOT NULL,
    serial_num character varying(60) NOT NULL,
    created_at timestamp with time zone NOT NULL,
    updated_at timestamp with time zone NOT NULL,
    pin_num smallint,
    type character varying(3) NOT NULL,
    parent_device_id bigint NOT NULL,
    zone_id bigint,
    pipe character varying(3) NOT NULL,
    zone_pin smallint,
    is_system boolean NOT NULL,
    correction_index integer
);


ALTER TABLE public.devices_sensormodel OWNER TO doadmin;

--
-- Name: devices_sensormodel_id_seq; Type: SEQUENCE; Schema: public; Owner: doadmin
--

ALTER TABLE public.devices_sensormodel ALTER COLUMN id ADD GENERATED BY DEFAULT AS IDENTITY (
    SEQUENCE NAME public.devices_sensormodel_id_seq
    START WITH 1
    INCREMENT BY 1
    NO MINVALUE
    NO MAXVALUE
    CACHE 1
);


--
-- Name: devices_simpleswitchmodel; Type: TABLE; Schema: public; Owner: doadmin
--

CREATE TABLE public.devices_simpleswitchmodel (
    id bigint NOT NULL,
    created_at timestamp with time zone NOT NULL,
    updated_at timestamp with time zone NOT NULL,
    status boolean NOT NULL,
    zone_id bigint,
    pin_num smallint,
    serial_num character varying(60) NOT NULL,
    scheduled_override boolean NOT NULL
);


ALTER TABLE public.devices_simpleswitchmodel OWNER TO doadmin;

--
-- Name: devices_simpleswitchmodel_id_seq; Type: SEQUENCE; Schema: public; Owner: doadmin
--

ALTER TABLE public.devices_simpleswitchmodel ALTER COLUMN id ADD GENERATED BY DEFAULT AS IDENTITY (
    SEQUENCE NAME public.devices_simpleswitchmodel_id_seq
    START WITH 1
    INCREMENT BY 1
    NO MINVALUE
    NO MAXVALUE
    CACHE 1
);


--
-- Name: devices_smartthermostatmodel; Type: TABLE; Schema: public; Owner: doadmin
--

CREATE TABLE public.devices_smartthermostatmodel (
    id bigint NOT NULL,
    serial_num character varying(60) NOT NULL,
    created_at timestamp with time zone NOT NULL,
    updated_at timestamp with time zone NOT NULL,
    set_temperature smallint,
    owner_id bigint,
    zone_id bigint,
    pin_num smallint,
    status boolean NOT NULL,
    last_set_temperature smallint,
    scheduled_override boolean NOT NULL,
    name character varying(120) NOT NULL
);


ALTER TABLE public.devices_smartthermostatmodel OWNER TO doadmin;

--
-- Name: devices_smartthermostatmodel_id_seq; Type: SEQUENCE; Schema: public; Owner: doadmin
--

ALTER TABLE public.devices_smartthermostatmodel ALTER COLUMN id ADD GENERATED BY DEFAULT AS IDENTITY (
    SEQUENCE NAME public.devices_smartthermostatmodel_id_seq
    START WITH 1
    INCREMENT BY 1
    NO MINVALUE
    NO MAXVALUE
    CACHE 1
);


--
-- Name: django_admin_log; Type: TABLE; Schema: public; Owner: doadmin
--

CREATE TABLE public.django_admin_log (
    id integer NOT NULL,
    action_time timestamp with time zone NOT NULL,
    object_id text,
    object_repr character varying(200) NOT NULL,
    action_flag smallint NOT NULL,
    change_message text NOT NULL,
    content_type_id integer,
    user_id bigint NOT NULL,
    CONSTRAINT django_admin_log_action_flag_check CHECK ((action_flag >= 0))
);


ALTER TABLE public.django_admin_log OWNER TO doadmin;

--
-- Name: django_admin_log_id_seq; Type: SEQUENCE; Schema: public; Owner: doadmin
--

ALTER TABLE public.django_admin_log ALTER COLUMN id ADD GENERATED BY DEFAULT AS IDENTITY (
    SEQUENCE NAME public.django_admin_log_id_seq
    START WITH 1
    INCREMENT BY 1
    NO MINVALUE
    NO MAXVALUE
    CACHE 1
);


--
-- Name: django_content_type; Type: TABLE; Schema: public; Owner: doadmin
--

CREATE TABLE public.django_content_type (
    id integer NOT NULL,
    app_label character varying(100) NOT NULL,
    model character varying(100) NOT NULL
);


ALTER TABLE public.django_content_type OWNER TO doadmin;

--
-- Name: django_content_type_id_seq; Type: SEQUENCE; Schema: public; Owner: doadmin
--

ALTER TABLE public.django_content_type ALTER COLUMN id ADD GENERATED BY DEFAULT AS IDENTITY (
    SEQUENCE NAME public.django_content_type_id_seq
    START WITH 1
    INCREMENT BY 1
    NO MINVALUE
    NO MAXVALUE
    CACHE 1
);


--
-- Name: django_migrations; Type: TABLE; Schema: public; Owner: doadmin
--

CREATE TABLE public.django_migrations (
    id bigint NOT NULL,
    app character varying(255) NOT NULL,
    name character varying(255) NOT NULL,
    applied timestamp with time zone NOT NULL
);


ALTER TABLE public.django_migrations OWNER TO doadmin;

--
-- Name: django_migrations_id_seq; Type: SEQUENCE; Schema: public; Owner: doadmin
--

ALTER TABLE public.django_migrations ALTER COLUMN id ADD GENERATED BY DEFAULT AS IDENTITY (
    SEQUENCE NAME public.django_migrations_id_seq
    START WITH 1
    INCREMENT BY 1
    NO MINVALUE
    NO MAXVALUE
    CACHE 1
);


--
-- Name: django_q_ormq; Type: TABLE; Schema: public; Owner: doadmin
--

CREATE TABLE public.django_q_ormq (
    id integer NOT NULL,
    key character varying(100) NOT NULL,
    payload text NOT NULL,
    lock timestamp with time zone
);


ALTER TABLE public.django_q_ormq OWNER TO doadmin;

--
-- Name: django_q_ormq_id_seq; Type: SEQUENCE; Schema: public; Owner: doadmin
--

ALTER TABLE public.django_q_ormq ALTER COLUMN id ADD GENERATED BY DEFAULT AS IDENTITY (
    SEQUENCE NAME public.django_q_ormq_id_seq
    START WITH 1
    INCREMENT BY 1
    NO MINVALUE
    NO MAXVALUE
    CACHE 1
);


--
-- Name: django_q_schedule; Type: TABLE; Schema: public; Owner: doadmin
--

CREATE TABLE public.django_q_schedule (
    id integer NOT NULL,
    func character varying(256) NOT NULL,
    hook character varying(256),
    args text,
    kwargs text,
    schedule_type character varying(1) NOT NULL,
    repeats integer NOT NULL,
    next_run timestamp with time zone,
    task character varying(100),
    name character varying(100),
    minutes smallint,
    cron character varying(100),
    cluster character varying(100),
    CONSTRAINT django_q_schedule_minutes_check CHECK ((minutes >= 0))
);


ALTER TABLE public.django_q_schedule OWNER TO doadmin;

--
-- Name: django_q_schedule_id_seq; Type: SEQUENCE; Schema: public; Owner: doadmin
--

ALTER TABLE public.django_q_schedule ALTER COLUMN id ADD GENERATED BY DEFAULT AS IDENTITY (
    SEQUENCE NAME public.django_q_schedule_id_seq
    START WITH 1
    INCREMENT BY 1
    NO MINVALUE
    NO MAXVALUE
    CACHE 1
);


--
-- Name: django_q_task; Type: TABLE; Schema: public; Owner: doadmin
--

CREATE TABLE public.django_q_task (
    name character varying(100) NOT NULL,
    func character varying(256) NOT NULL,
    hook character varying(256),
    args text,
    kwargs text,
    result text,
    started timestamp with time zone NOT NULL,
    stopped timestamp with time zone NOT NULL,
    success boolean NOT NULL,
    id character varying(32) NOT NULL,
    "group" character varying(100),
    attempt_count integer NOT NULL
);


ALTER TABLE public.django_q_task OWNER TO doadmin;

--
-- Name: django_session; Type: TABLE; Schema: public; Owner: doadmin
--

CREATE TABLE public.django_session (
    session_key character varying(40) NOT NULL,
    session_data text NOT NULL,
    expire_date timestamp with time zone NOT NULL
);


ALTER TABLE public.django_session OWNER TO doadmin;

--
-- Name: properties_apartmentalertdetailsmodel; Type: TABLE; Schema: public; Owner: doadmin
--

CREATE TABLE public.properties_apartmentalertdetailsmodel (
    id bigint NOT NULL,
    details text NOT NULL,
    created_at timestamp with time zone NOT NULL,
    apartment_id bigint NOT NULL
);


ALTER TABLE public.properties_apartmentalertdetailsmodel OWNER TO doadmin;

--
-- Name: properties_apartmentalertdetailsmodel_id_seq; Type: SEQUENCE; Schema: public; Owner: doadmin
--

ALTER TABLE public.properties_apartmentalertdetailsmodel ALTER COLUMN id ADD GENERATED BY DEFAULT AS IDENTITY (
    SEQUENCE NAME public.properties_apartmentalertdetailsmodel_id_seq
    START WITH 1
    INCREMENT BY 1
    NO MINVALUE
    NO MAXVALUE
    CACHE 1
);


--
-- Name: properties_apartmentmodel; Type: TABLE; Schema: public; Owner: doadmin
--

CREATE TABLE public.properties_apartmentmodel (
    id bigint NOT NULL,
    name character varying(120) NOT NULL,
    created_at timestamp with time zone NOT NULL,
    updated_at timestamp with time zone NOT NULL,
    building_id bigint,
    boiler_id bigint,
    rooms_number smallint,
    leaseholder character varying(120) NOT NULL,
    max_temp smallint,
    min_temp smallint,
    is_vacant boolean NOT NULL,
    is_alert boolean NOT NULL,
    tlimits_is_on boolean NOT NULL
);


ALTER TABLE public.properties_apartmentmodel OWNER TO doadmin;

--
-- Name: properties_apartmentmodel_id_seq; Type: SEQUENCE; Schema: public; Owner: doadmin
--

ALTER TABLE public.properties_apartmentmodel ALTER COLUMN id ADD GENERATED BY DEFAULT AS IDENTITY (
    SEQUENCE NAME public.properties_apartmentmodel_id_seq
    START WITH 1
    INCREMENT BY 1
    NO MINVALUE
    NO MAXVALUE
    CACHE 1
);


--
-- Name: properties_buildingmodel; Type: TABLE; Schema: public; Owner: doadmin
--

CREATE TABLE public.properties_buildingmodel (
    id bigint NOT NULL,
    name character varying(120) NOT NULL,
    created_at timestamp with time zone NOT NULL,
    updated_at timestamp with time zone NOT NULL,
    owner_id bigint NOT NULL,
    provider_id bigint,
    zip_code_id bigint,
    address character varying(120) NOT NULL,
    boiler_id bigint,
    floors_number smallint,
    apartments_number smallint
);


ALTER TABLE public.properties_buildingmodel OWNER TO doadmin;

--
-- Name: properties_buildingmodel_id_seq; Type: SEQUENCE; Schema: public; Owner: doadmin
--

ALTER TABLE public.properties_buildingmodel ALTER COLUMN id ADD GENERATED BY DEFAULT AS IDENTITY (
    SEQUENCE NAME public.properties_buildingmodel_id_seq
    START WITH 1
    INCREMENT BY 1
    NO MINVALUE
    NO MAXVALUE
    CACHE 1
);


--
-- Name: properties_roommodel; Type: TABLE; Schema: public; Owner: doadmin
--

CREATE TABLE public.properties_roommodel (
    id bigint NOT NULL,
    name character varying(120) NOT NULL,
    created_at timestamp with time zone NOT NULL,
    updated_at timestamp with time zone NOT NULL,
    apartment_id bigint,
    thermostat_id bigint,
    analogue_thermostat_id bigint,
    heat_switch_id bigint,
    heat_source smallint,
    size smallint,
    room_type character varying(2) NOT NULL
);


ALTER TABLE public.properties_roommodel OWNER TO doadmin;

--
-- Name: properties_roommodel_id_seq; Type: SEQUENCE; Schema: public; Owner: doadmin
--

ALTER TABLE public.properties_roommodel ALTER COLUMN id ADD GENERATED BY DEFAULT AS IDENTITY (
    SEQUENCE NAME public.properties_roommodel_id_seq
    START WITH 1
    INCREMENT BY 1
    NO MINVALUE
    NO MAXVALUE
    CACHE 1
);


--
-- Name: properties_weatherrecordmodel; Type: TABLE; Schema: public; Owner: doadmin
--

CREATE TABLE public.properties_weatherrecordmodel (
    id bigint NOT NULL,
    created_at timestamp with time zone NOT NULL,
    zip_code_id bigint,
    temp_f integer,
    temp_c integer
);


ALTER TABLE public.properties_weatherrecordmodel OWNER TO doadmin;

--
-- Name: properties_weatherrecordmodel_id_seq; Type: SEQUENCE; Schema: public; Owner: doadmin
--

ALTER TABLE public.properties_weatherrecordmodel ALTER COLUMN id ADD GENERATED BY DEFAULT AS IDENTITY (
    SEQUENCE NAME public.properties_weatherrecordmodel_id_seq
    START WITH 1
    INCREMENT BY 1
    NO MINVALUE
    NO MAXVALUE
    CACHE 1
);


--
-- Name: properties_zipcodemodel; Type: TABLE; Schema: public; Owner: doadmin
--

CREATE TABLE public.properties_zipcodemodel (
    id bigint NOT NULL,
    zip_code character varying(12) NOT NULL,
    lat_coord numeric(8,4),
    lon_coord numeric(8,4),
    todays_temp integer,
    created_at timestamp with time zone NOT NULL,
    updated_at timestamp with time zone NOT NULL
);


ALTER TABLE public.properties_zipcodemodel OWNER TO doadmin;

--
-- Name: properties_zipcodemodel_id_seq; Type: SEQUENCE; Schema: public; Owner: doadmin
--

ALTER TABLE public.properties_zipcodemodel ALTER COLUMN id ADD GENERATED BY DEFAULT AS IDENTITY (
    SEQUENCE NAME public.properties_zipcodemodel_id_seq
    START WITH 1
    INCREMENT BY 1
    NO MINVALUE
    NO MAXVALUE
    CACHE 1
);


--
-- Name: properties_zonemodel; Type: TABLE; Schema: public; Owner: doadmin
--

CREATE TABLE public.properties_zonemodel (
    id bigint NOT NULL,
    name character varying(120) NOT NULL,
    created_at timestamp with time zone NOT NULL,
    updated_at timestamp with time zone NOT NULL,
    logo character varying(100),
    controller_id bigint,
    type character varying(3) NOT NULL
);


ALTER TABLE public.properties_zonemodel OWNER TO doadmin;

--
-- Name: properties_zonemodel_id_seq; Type: SEQUENCE; Schema: public; Owner: doadmin
--

ALTER TABLE public.properties_zonemodel ALTER COLUMN id ADD GENERATED BY DEFAULT AS IDENTITY (
    SEQUENCE NAME public.properties_zonemodel_id_seq
    START WITH 1
    INCREMENT BY 1
    NO MINVALUE
    NO MAXVALUE
    CACHE 1
);


--
-- Name: schedules_analoguethermostatsubscribermodel; Type: TABLE; Schema: public; Owner: doadmin
--

CREATE TABLE public.schedules_analoguethermostatsubscribermodel (
    id bigint NOT NULL,
    status boolean NOT NULL,
    created_at timestamp with time zone NOT NULL,
    updated_at timestamp with time zone NOT NULL,
    analogue_thermostat_id bigint NOT NULL,
    owner_id bigint,
    schedule_id bigint NOT NULL
);


ALTER TABLE public.schedules_analoguethermostatsubscribermodel OWNER TO doadmin;

--
-- Name: schedules_analoguethermostatsubscribermodel_id_seq; Type: SEQUENCE; Schema: public; Owner: doadmin
--

ALTER TABLE public.schedules_analoguethermostatsubscribermodel ALTER COLUMN id ADD GENERATED BY DEFAULT AS IDENTITY (
    SEQUENCE NAME public.schedules_analoguethermostatsubscribermodel_id_seq
    START WITH 1
    INCREMENT BY 1
    NO MINVALUE
    NO MAXVALUE
    CACHE 1
);


--
-- Name: schedules_deviceschedulemodel; Type: TABLE; Schema: public; Owner: doadmin
--

CREATE TABLE public.schedules_deviceschedulemodel (
    id bigint NOT NULL,
    checkpoint timestamp with time zone NOT NULL,
    week_day smallint NOT NULL
);


ALTER TABLE public.schedules_deviceschedulemodel OWNER TO doadmin;

--
-- Name: schedules_deviceschedulemodel_id_seq; Type: SEQUENCE; Schema: public; Owner: doadmin
--

ALTER TABLE public.schedules_deviceschedulemodel ALTER COLUMN id ADD GENERATED BY DEFAULT AS IDENTITY (
    SEQUENCE NAME public.schedules_deviceschedulemodel_id_seq
    START WITH 1
    INCREMENT BY 1
    NO MINVALUE
    NO MAXVALUE
    CACHE 1
);


--
-- Name: schedules_heatswitchsubscribermodel; Type: TABLE; Schema: public; Owner: doadmin
--

CREATE TABLE public.schedules_heatswitchsubscribermodel (
    id bigint NOT NULL,
    status boolean NOT NULL,
    created_at timestamp with time zone NOT NULL,
    updated_at timestamp with time zone NOT NULL,
    owner_id bigint,
    schedule_id bigint NOT NULL,
    switch_id bigint NOT NULL
);


ALTER TABLE public.schedules_heatswitchsubscribermodel OWNER TO doadmin;

--
-- Name: schedules_heatswitchsubscribermodel_id_seq; Type: SEQUENCE; Schema: public; Owner: doadmin
--

ALTER TABLE public.schedules_heatswitchsubscribermodel ALTER COLUMN id ADD GENERATED BY DEFAULT AS IDENTITY (
    SEQUENCE NAME public.schedules_heatswitchsubscribermodel_id_seq
    START WITH 1
    INCREMENT BY 1
    NO MINVALUE
    NO MAXVALUE
    CACHE 1
);


--
-- Name: schedules_thermostatsubscribermodel; Type: TABLE; Schema: public; Owner: doadmin
--

CREATE TABLE public.schedules_thermostatsubscribermodel (
    id bigint NOT NULL,
    created_at timestamp with time zone NOT NULL,
    updated_at timestamp with time zone NOT NULL,
    schedule_id bigint NOT NULL,
    thermostat_id bigint NOT NULL,
    setpoint smallint,
    owner_id bigint
);


ALTER TABLE public.schedules_thermostatsubscribermodel OWNER TO doadmin;

--
-- Name: schedules_thermostatsubscribermodel_id_seq; Type: SEQUENCE; Schema: public; Owner: doadmin
--

ALTER TABLE public.schedules_thermostatsubscribermodel ALTER COLUMN id ADD GENERATED BY DEFAULT AS IDENTITY (
    SEQUENCE NAME public.schedules_thermostatsubscribermodel_id_seq
    START WITH 1
    INCREMENT BY 1
    NO MINVALUE
    NO MAXVALUE
    CACHE 1
);


--
-- Name: schedules_zonesubscribermodel; Type: TABLE; Schema: public; Owner: doadmin
--

CREATE TABLE public.schedules_zonesubscribermodel (
    id bigint NOT NULL,
    setpoint smallint,
    created_at timestamp with time zone NOT NULL,
    updated_at timestamp with time zone NOT NULL,
    heating_zone_id bigint NOT NULL,
    owner_id bigint,
    schedule_id bigint NOT NULL
);


ALTER TABLE public.schedules_zonesubscribermodel OWNER TO doadmin;

--
-- Name: schedules_zonesubscribermodel_id_seq; Type: SEQUENCE; Schema: public; Owner: doadmin
--

ALTER TABLE public.schedules_zonesubscribermodel ALTER COLUMN id ADD GENERATED BY DEFAULT AS IDENTITY (
    SEQUENCE NAME public.schedules_zonesubscribermodel_id_seq
    START WITH 1
    INCREMENT BY 1
    NO MINVALUE
    NO MAXVALUE
    CACHE 1
);


--
-- Name: support_supportrequestmodel; Type: TABLE; Schema: public; Owner: doadmin
--

CREATE TABLE public.support_supportrequestmodel (
    id bigint NOT NULL,
    subject character varying(60) NOT NULL,
    request text NOT NULL,
    status character varying(1) NOT NULL,
    created_at timestamp with time zone NOT NULL,
    updated_at timestamp with time zone NOT NULL,
    user_id bigint,
    email character varying(254)
);


ALTER TABLE public.support_supportrequestmodel OWNER TO doadmin;

--
-- Name: support_supportreuquestmodel_id_seq; Type: SEQUENCE; Schema: public; Owner: doadmin
--

ALTER TABLE public.support_supportrequestmodel ALTER COLUMN id ADD GENERATED BY DEFAULT AS IDENTITY (
    SEQUENCE NAME public.support_supportreuquestmodel_id_seq
    START WITH 1
    INCREMENT BY 1
    NO MINVALUE
    NO MAXVALUE
    CACHE 1
);


--
-- Name: user_visit_uservisit; Type: TABLE; Schema: public; Owner: doadmin
--

CREATE TABLE public.user_visit_uservisit (
    id bigint NOT NULL,
    "timestamp" timestamp with time zone NOT NULL,
    session_key character varying(40) NOT NULL,
    remote_addr character varying(100) NOT NULL,
    ua_string text NOT NULL,
    uuid uuid NOT NULL,
    hash character varying(32) NOT NULL,
    user_id bigint NOT NULL,
    created_at timestamp with time zone NOT NULL,
    context jsonb
);


ALTER TABLE public.user_visit_uservisit OWNER TO doadmin;

--
-- Name: user_visit_uservisit_id_seq; Type: SEQUENCE; Schema: public; Owner: doadmin
--

ALTER TABLE public.user_visit_uservisit ALTER COLUMN id ADD GENERATED BY DEFAULT AS IDENTITY (
    SEQUENCE NAME public.user_visit_uservisit_id_seq
    START WITH 1
    INCREMENT BY 1
    NO MINVALUE
    NO MAXVALUE
    CACHE 1
);


--
-- Name: users_customuser; Type: TABLE; Schema: public; Owner: doadmin
--

CREATE TABLE public.users_customuser (
    id bigint NOT NULL,
    password character varying(128) NOT NULL,
    last_login timestamp with time zone,
    is_superuser boolean NOT NULL,
    username character varying(254) NOT NULL,
    is_staff boolean NOT NULL,
    is_active boolean NOT NULL,
    date_joined timestamp with time zone NOT NULL,
    updated_at timestamp with time zone NOT NULL
);


ALTER TABLE public.users_customuser OWNER TO doadmin;

--
-- Name: users_customuser_groups; Type: TABLE; Schema: public; Owner: doadmin
--

CREATE TABLE public.users_customuser_groups (
    id bigint NOT NULL,
    customuser_id bigint NOT NULL,
    group_id integer NOT NULL
);


ALTER TABLE public.users_customuser_groups OWNER TO doadmin;

--
-- Name: users_customuser_groups_id_seq; Type: SEQUENCE; Schema: public; Owner: doadmin
--

ALTER TABLE public.users_customuser_groups ALTER COLUMN id ADD GENERATED BY DEFAULT AS IDENTITY (
    SEQUENCE NAME public.users_customuser_groups_id_seq
    START WITH 1
    INCREMENT BY 1
    NO MINVALUE
    NO MAXVALUE
    CACHE 1
);


--
-- Name: users_customuser_id_seq; Type: SEQUENCE; Schema: public; Owner: doadmin
--

ALTER TABLE public.users_customuser ALTER COLUMN id ADD GENERATED BY DEFAULT AS IDENTITY (
    SEQUENCE NAME public.users_customuser_id_seq
    START WITH 1
    INCREMENT BY 1
    NO MINVALUE
    NO MAXVALUE
    CACHE 1
);


--
-- Name: users_customuser_user_permissions; Type: TABLE; Schema: public; Owner: doadmin
--

CREATE TABLE public.users_customuser_user_permissions (
    id bigint NOT NULL,
    customuser_id bigint NOT NULL,
    permission_id integer NOT NULL
);


ALTER TABLE public.users_customuser_user_permissions OWNER TO doadmin;

--
-- Name: users_customuser_user_permissions_id_seq; Type: SEQUENCE; Schema: public; Owner: doadmin
--

ALTER TABLE public.users_customuser_user_permissions ALTER COLUMN id ADD GENERATED BY DEFAULT AS IDENTITY (
    SEQUENCE NAME public.users_customuser_user_permissions_id_seq
    START WITH 1
    INCREMENT BY 1
    NO MINVALUE
    NO MAXVALUE
    CACHE 1
);


--
-- Name: users_ownerprofilemodel; Type: TABLE; Schema: public; Owner: doadmin
--

CREATE TABLE public.users_ownerprofilemodel (
    id bigint NOT NULL,
    first_name character varying(60) NOT NULL,
    logo character varying(100),
    created_at timestamp with time zone NOT NULL,
    updated_at timestamp with time zone NOT NULL,
    nickname character varying(60) NOT NULL,
    is_landlord boolean NOT NULL,
    user_id bigint NOT NULL,
    phone_number character varying(128) NOT NULL
);


ALTER TABLE public.users_ownerprofilemodel OWNER TO doadmin;

--
-- Name: users_ownerprofilemodel_id_seq; Type: SEQUENCE; Schema: public; Owner: doadmin
--

ALTER TABLE public.users_ownerprofilemodel ALTER COLUMN id ADD GENERATED BY DEFAULT AS IDENTITY (
    SEQUENCE NAME public.users_ownerprofilemodel_id_seq
    START WITH 1
    INCREMENT BY 1
    NO MINVALUE
    NO MAXVALUE
    CACHE 1
);


--
-- Name: users_providerprofilemodel; Type: TABLE; Schema: public; Owner: doadmin
--

CREATE TABLE public.users_providerprofilemodel (
    id bigint NOT NULL,
    first_name character varying(60) NOT NULL,
    logo character varying(100),
    created_at timestamp with time zone NOT NULL,
    updated_at timestamp with time zone NOT NULL,
    company character varying(120) NOT NULL,
    phone_number character varying(128) NOT NULL,
    user_id bigint NOT NULL,
    zip_id bigint
);


ALTER TABLE public.users_providerprofilemodel OWNER TO doadmin;

--
-- Name: users_providerprofilemodel_id_seq; Type: SEQUENCE; Schema: public; Owner: doadmin
--

ALTER TABLE public.users_providerprofilemodel ALTER COLUMN id ADD GENERATED BY DEFAULT AS IDENTITY (
    SEQUENCE NAME public.users_providerprofilemodel_id_seq
    START WITH 1
    INCREMENT BY 1
    NO MINVALUE
    NO MAXVALUE
    CACHE 1
);


--
-- Name: users_staffprofilemodel; Type: TABLE; Schema: public; Owner: doadmin
--

CREATE TABLE public.users_staffprofilemodel (
    id bigint NOT NULL,
    first_name character varying(60) NOT NULL,
    logo character varying(100),
    created_at timestamp with time zone NOT NULL,
    updated_at timestamp with time zone NOT NULL,
    user_id bigint NOT NULL
);


ALTER TABLE public.users_staffprofilemodel OWNER TO doadmin;

--
-- Name: users_staffprofilemodel_id_seq; Type: SEQUENCE; Schema: public; Owner: doadmin
--

ALTER TABLE public.users_staffprofilemodel ALTER COLUMN id ADD GENERATED BY DEFAULT AS IDENTITY (
    SEQUENCE NAME public.users_staffprofilemodel_id_seq
    START WITH 1
    INCREMENT BY 1
    NO MINVALUE
    NO MAXVALUE
    CACHE 1
);


--
-- Name: users_tenantprofilemodel; Type: TABLE; Schema: public; Owner: doadmin
--

CREATE TABLE public.users_tenantprofilemodel (
    id bigint NOT NULL,
    first_name character varying(60) NOT NULL,
    logo character varying(100),
    created_at timestamp with time zone NOT NULL,
    updated_at timestamp with time zone NOT NULL,
    user_id bigint,
    is_guest boolean NOT NULL,
    owner_id bigint,
    access_link character varying(120) NOT NULL,
    password_reset_needed boolean NOT NULL
);


ALTER TABLE public.users_tenantprofilemodel OWNER TO doadmin;

--
-- Name: users_tenantprofilemodel_id_seq; Type: SEQUENCE; Schema: public; Owner: doadmin
--

ALTER TABLE public.users_tenantprofilemodel ALTER COLUMN id ADD GENERATED BY DEFAULT AS IDENTITY (
    SEQUENCE NAME public.users_tenantprofilemodel_id_seq
    START WITH 1
    INCREMENT BY 1
    NO MINVALUE
    NO MAXVALUE
    CACHE 1
);


--
-- Name: users_tenantprofilemodel_rooms; Type: TABLE; Schema: public; Owner: doadmin
--

CREATE TABLE public.users_tenantprofilemodel_rooms (
    id bigint NOT NULL,
    tenantprofilemodel_id bigint NOT NULL,
    roommodel_id bigint NOT NULL
);


ALTER TABLE public.users_tenantprofilemodel_rooms OWNER TO doadmin;

--
-- Name: users_tenantprofilemodel_room_id_seq; Type: SEQUENCE; Schema: public; Owner: doadmin
--

ALTER TABLE public.users_tenantprofilemodel_rooms ALTER COLUMN id ADD GENERATED BY DEFAULT AS IDENTITY (
    SEQUENCE NAME public.users_tenantprofilemodel_room_id_seq
    START WITH 1
    INCREMENT BY 1
    NO MINVALUE
    NO MAXVALUE
    CACHE 1
);


--
-- Data for Name: auth_group; Type: TABLE DATA; Schema: public; Owner: doadmin
--

COPY public.auth_group (id, name) FROM stdin;
\.


--
-- Data for Name: auth_group_permissions; Type: TABLE DATA; Schema: public; Owner: doadmin
--

COPY public.auth_group_permissions (id, group_id, permission_id) FROM stdin;
\.


--
-- Data for Name: auth_permission; Type: TABLE DATA; Schema: public; Owner: doadmin
--

COPY public.auth_permission (id, name, content_type_id, codename) FROM stdin;
1	Can add log entry	1	add_logentry
2	Can change log entry	1	change_logentry
3	Can delete log entry	1	delete_logentry
4	Can view log entry	1	view_logentry
5	Can add permission	2	add_permission
6	Can change permission	2	change_permission
7	Can delete permission	2	delete_permission
8	Can view permission	2	view_permission
9	Can add group	3	add_group
10	Can change group	3	change_group
11	Can delete group	3	delete_group
12	Can view group	3	view_group
13	Can add content type	4	add_contenttype
14	Can change content type	4	change_contenttype
15	Can delete content type	4	delete_contenttype
16	Can view content type	4	view_contenttype
17	Can add session	5	add_session
18	Can change session	5	change_session
19	Can delete session	5	delete_session
20	Can view session	5	view_session
21	Can add Scheduled task	6	add_schedule
22	Can change Scheduled task	6	change_schedule
23	Can delete Scheduled task	6	delete_schedule
24	Can view Scheduled task	6	view_schedule
25	Can add task	7	add_task
26	Can change task	7	change_task
27	Can delete task	7	delete_task
28	Can view task	7	view_task
29	Can add Failed task	8	add_failure
30	Can change Failed task	8	change_failure
31	Can delete Failed task	8	delete_failure
32	Can view Failed task	8	view_failure
33	Can add Successful task	9	add_success
34	Can change Successful task	9	change_success
35	Can delete Successful task	9	delete_success
36	Can view Successful task	9	view_success
37	Can add Queued task	10	add_ormq
38	Can change Queued task	10	change_ormq
39	Can delete Queued task	10	delete_ormq
40	Can view Queued task	10	view_ormq
41	Can add user visit	11	add_uservisit
42	Can change user visit	11	change_uservisit
43	Can delete user visit	11	delete_uservisit
44	Can view user visit	11	view_uservisit
45	Can add custom user	12	add_customuser
46	Can change custom user	12	change_customuser
47	Can delete custom user	12	delete_customuser
48	Can view custom user	12	view_customuser
49	Can add Tenant profile	13	add_tenantprofilemodel
50	Can change Tenant profile	13	change_tenantprofilemodel
51	Can delete Tenant profile	13	delete_tenantprofilemodel
52	Can view Tenant profile	13	view_tenantprofilemodel
53	Can add Staff user	14	add_staffprofilemodel
54	Can change Staff user	14	change_staffprofilemodel
55	Can delete Staff user	14	delete_staffprofilemodel
56	Can view Staff user	14	view_staffprofilemodel
57	Can add Services provider	15	add_providerprofilemodel
58	Can change Services provider	15	change_providerprofilemodel
59	Can delete Services provider	15	delete_providerprofilemodel
60	Can view Services provider	15	view_providerprofilemodel
61	Can add Owner	16	add_ownerprofilemodel
62	Can change Owner	16	change_ownerprofilemodel
63	Can delete Owner	16	delete_ownerprofilemodel
64	Can view Owner	16	view_ownerprofilemodel
65	Can add Analogue thermostat	17	add_analoguethermostatmodel
66	Can change Analogue thermostat	17	change_analoguethermostatmodel
67	Can delete Analogue thermostat	17	delete_analoguethermostatmodel
68	Can view Analogue thermostat	17	view_analoguethermostatmodel
69	Can add Boiler	18	add_boilermodel
70	Can change Boiler	18	change_boilermodel
71	Can delete Boiler	18	delete_boilermodel
72	Can view Boiler	18	view_boilermodel
73	Can add Ioniq controller	19	add_ioniqcontrollermodel
74	Can change Ioniq controller	19	change_ioniqcontrollermodel
75	Can delete Ioniq controller	19	delete_ioniqcontrollermodel
76	Can view Ioniq controller	19	view_ioniqcontrollermodel
77	Can add Sensor	20	add_sensormodel
78	Can change Sensor	20	change_sensormodel
79	Can delete Sensor	20	delete_sensormodel
80	Can view Sensor	20	view_sensormodel
81	Can add Smart thermostat	21	add_smartthermostatmodel
82	Can change Smart thermostat	21	change_smartthermostatmodel
83	Can delete Smart thermostat	21	delete_smartthermostatmodel
84	Can view Smart thermostat	21	view_smartthermostatmodel
85	Can add Heat switch	22	add_simpleswitchmodel
86	Can change Heat switch	22	change_simpleswitchmodel
87	Can delete Heat switch	22	delete_simpleswitchmodel
88	Can view Heat switch	22	view_simpleswitchmodel
89	Can add Apartment	23	add_apartmentmodel
90	Can change Apartment	23	change_apartmentmodel
91	Can delete Apartment	23	delete_apartmentmodel
92	Can view Apartment	23	view_apartmentmodel
93	Can add Building	24	add_buildingmodel
94	Can change Building	24	change_buildingmodel
95	Can delete Building	24	delete_buildingmodel
96	Can view Building	24	view_buildingmodel
97	Can add ZIP code	25	add_zipcodemodel
98	Can change ZIP code	25	change_zipcodemodel
99	Can delete ZIP code	25	delete_zipcodemodel
100	Can view ZIP code	25	view_zipcodemodel
101	Can add Heating zone	26	add_zonemodel
102	Can change Heating zone	26	change_zonemodel
103	Can delete Heating zone	26	delete_zonemodel
104	Can view Heating zone	26	view_zonemodel
105	Can add Rooom	27	add_roommodel
106	Can change Rooom	27	change_roommodel
107	Can delete Rooom	27	delete_roommodel
108	Can view Rooom	27	view_roommodel
109	Can add Apartment alerts	28	add_apartmentalertdetailsmodel
110	Can change Apartment alerts	28	change_apartmentalertdetailsmodel
111	Can delete Apartment alerts	28	delete_apartmentalertdetailsmodel
112	Can view Apartment alerts	28	view_apartmentalertdetailsmodel
113	Can add Temperature record	29	add_weatherrecordmodel
114	Can change Temperature record	29	change_weatherrecordmodel
115	Can delete Temperature record	29	delete_weatherrecordmodel
116	Can view Temperature record	29	view_weatherrecordmodel
117	Can add Schedule window	30	add_deviceschedulemodel
118	Can change Schedule window	30	change_deviceschedulemodel
119	Can delete Schedule window	30	delete_deviceschedulemodel
120	Can view Schedule window	30	view_deviceschedulemodel
121	Can add Thermostat subscriber	31	add_thermostatsubscribermodel
122	Can change Thermostat subscriber	31	change_thermostatsubscribermodel
123	Can delete Thermostat subscriber	31	delete_thermostatsubscribermodel
124	Can view Thermostat subscriber	31	view_thermostatsubscribermodel
125	Can add Heatswitch subscriber	32	add_heatswitchsubscribermodel
126	Can change Heatswitch subscriber	32	change_heatswitchsubscribermodel
127	Can delete Heatswitch subscriber	32	delete_heatswitchsubscribermodel
128	Can view Heatswitch subscriber	32	view_heatswitchsubscribermodel
129	Can add Analogue subscriber	33	add_analoguethermostatsubscribermodel
130	Can change Analogue subscriber	33	change_analoguethermostatsubscribermodel
131	Can delete Analogue subscriber	33	delete_analoguethermostatsubscribermodel
132	Can view Analogue subscriber	33	view_analoguethermostatsubscribermodel
133	Can add Heating zone subscriber	34	add_zonesubscribermodel
134	Can change Heating zone subscriber	34	change_zonesubscribermodel
135	Can delete Heating zone subscriber	34	delete_zonesubscribermodel
136	Can view Heating zone subscriber	34	view_zonesubscribermodel
137	Can add Support request	35	add_supportrequestmodel
138	Can change Support request	35	change_supportrequestmodel
139	Can delete Support request	35	delete_supportrequestmodel
140	Can view Support request	35	view_supportrequestmodel
\.


--
-- Data for Name: devices_analoguethermostatmodel; Type: TABLE DATA; Schema: public; Owner: doadmin
--

COPY public.devices_analoguethermostatmodel (id, created_at, updated_at, pin_num, zone_id, status, serial_num, make, model, scheduled_override) FROM stdin;
\.


--
-- Data for Name: devices_boilermodel; Type: TABLE DATA; Schema: public; Owner: doadmin
--

COPY public.devices_boilermodel (id, serial_num, created_at, updated_at, health_status, owner_id, model, shutdown_temp, shutdown_enabled, shutdown_active, installation_date, vacant_setpoint, away_mode_enabled, weekdays_offhours_end_time, weekdays_offhours_start_time, weekdays_offhours_enabled, weekdays_offhours_setpoint, weekend_offhours_enabled, weekend_offhours_end_time, weekend_offhours_setpoint, weekend_offhours_start_time, shower_duration, forced_endswitch_state, cold_pipe_delta_t, heating_optmode, systemp_limit, type) FROM stdin;
4	test_boiler	2023-03-07 15:05:42.345+00	2023-03-07 15:05:47.582+00	1	1	Cool boiler	60	f	f	2023-03-07	\N	f	15:05:47	15:05:47	f	150	f	15:05:47	150	15:05:47	1000	1000	1000	f	1000	0
\.


--
-- Data for Name: devices_ioniqcontrollermodel; Type: TABLE DATA; Schema: public; Owner: doadmin
--

COPY public.devices_ioniqcontrollermodel (id, serial_num, created_at, updated_at, load_type, boiler_id, owner_id, building_id, model_type, is_master, systemp_correction_index) FROM stdin;
1	test_controller	2023-03-07 15:13:38.211+00	2023-03-07 15:13:41.491+00	0	4	1	1	0	t	0
\.


--
-- Data for Name: devices_sensormodel; Type: TABLE DATA; Schema: public; Owner: doadmin
--

COPY public.devices_sensormodel (id, serial_num, created_at, updated_at, pin_num, type, parent_device_id, zone_id, pipe, zone_pin, is_system, correction_index) FROM stdin;
\.


--
-- Data for Name: devices_simpleswitchmodel; Type: TABLE DATA; Schema: public; Owner: doadmin
--

COPY public.devices_simpleswitchmodel (id, created_at, updated_at, status, zone_id, pin_num, serial_num, scheduled_override) FROM stdin;
\.


--
-- Data for Name: devices_smartthermostatmodel; Type: TABLE DATA; Schema: public; Owner: doadmin
--

COPY public.devices_smartthermostatmodel (id, serial_num, created_at, updated_at, set_temperature, owner_id, zone_id, pin_num, status, last_set_temperature, scheduled_override, name) FROM stdin;
1	test_therm_1	2023-03-07 15:15:22.639+00	2023-03-07 15:15:23.974+00	70	1	1	1	t	70	f	test_1
2	test_therm_2	2023-03-07 15:16:13.495+00	2023-03-07 15:16:13.83+00	65	1	1	1	t	65	f	test_2
\.


--
-- Data for Name: django_admin_log; Type: TABLE DATA; Schema: public; Owner: doadmin
--

COPY public.django_admin_log (id, action_time, object_id, object_repr, action_flag, change_message, content_type_id, user_id) FROM stdin;
\.


--
-- Data for Name: django_content_type; Type: TABLE DATA; Schema: public; Owner: doadmin
--

COPY public.django_content_type (id, app_label, model) FROM stdin;
1	admin	logentry
2	auth	permission
3	auth	group
4	contenttypes	contenttype
5	sessions	session
6	django_q	schedule
7	django_q	task
8	django_q	failure
9	django_q	success
10	django_q	ormq
11	user_visit	uservisit
12	users	customuser
13	users	tenantprofilemodel
14	users	staffprofilemodel
15	users	providerprofilemodel
16	users	ownerprofilemodel
17	devices	analoguethermostatmodel
18	devices	boilermodel
19	devices	ioniqcontrollermodel
20	devices	sensormodel
21	devices	smartthermostatmodel
22	devices	simpleswitchmodel
23	properties	apartmentmodel
24	properties	buildingmodel
25	properties	zipcodemodel
26	properties	zonemodel
27	properties	roommodel
28	properties	apartmentalertdetailsmodel
29	properties	weatherrecordmodel
30	schedules	deviceschedulemodel
31	schedules	thermostatsubscribermodel
32	schedules	heatswitchsubscribermodel
33	schedules	analoguethermostatsubscribermodel
34	schedules	zonesubscribermodel
35	support	supportrequestmodel
\.


--
-- Data for Name: django_migrations; Type: TABLE DATA; Schema: public; Owner: doadmin
--

COPY public.django_migrations (id, app, name, applied) FROM stdin;
1	devices	0001_initial	2023-03-07 13:58:37.622738+00
2	properties	0001_initial	2023-03-07 13:58:39.303741+00
3	contenttypes	0001_initial	2023-03-07 13:58:39.789918+00
4	contenttypes	0002_remove_content_type_name	2023-03-07 13:58:40.386466+00
5	auth	0001_initial	2023-03-07 13:58:42.041224+00
6	auth	0002_alter_permission_name_max_length	2023-03-07 13:58:42.434662+00
7	auth	0003_alter_user_email_max_length	2023-03-07 13:58:42.827258+00
8	auth	0004_alter_user_username_opts	2023-03-07 13:58:43.21575+00
9	auth	0005_alter_user_last_login_null	2023-03-07 13:58:43.630303+00
10	auth	0006_require_contenttypes_0002	2023-03-07 13:58:44.018556+00
11	auth	0007_alter_validators_add_error_messages	2023-03-07 13:58:44.411747+00
12	auth	0008_alter_user_username_max_length	2023-03-07 13:58:44.82322+00
13	auth	0009_alter_user_last_name_max_length	2023-03-07 13:58:45.212887+00
14	auth	0010_alter_group_name_max_length	2023-03-07 13:58:45.703535+00
15	auth	0011_update_proxy_permissions	2023-03-07 13:58:46.120221+00
16	auth	0012_alter_user_first_name_max_length	2023-03-07 13:58:46.516551+00
17	users	0001_initial	2023-03-07 13:58:49.725225+00
18	admin	0001_initial	2023-03-07 13:58:50.637544+00
19	admin	0002_logentry_remove_auto_add	2023-03-07 13:58:50.94938+00
20	admin	0003_logentry_add_action_flag_choices	2023-03-07 13:58:51.3583+00
21	devices	0002_initial	2023-03-07 13:58:53.830467+00
22	properties	0002_initial	2023-03-07 13:58:55.849703+00
23	properties	0003_alter_zipcodemodel_options	2023-03-07 13:58:56.154722+00
24	properties	0004_alter_boilerroommodel_apartment	2023-03-07 13:58:57.527351+00
25	properties	0005_buildingmodel_address	2023-03-07 13:58:58.194749+00
26	properties	0006_remove_zonemodel_connection_type	2023-03-07 13:58:58.687227+00
27	properties	0007_alter_zipcodemodel_todays_temp	2023-03-07 13:58:59.075337+00
28	devices	0003_auto_20211013_0755	2023-03-07 13:58:59.611833+00
29	devices	0004_auto_20211013_0800	2023-03-07 13:59:00.211998+00
30	devices	0005_auto_20211013_0807	2023-03-07 13:59:01.156646+00
31	devices	0006_ioniqcontrollermodel_building	2023-03-07 13:59:01.883262+00
32	devices	0007_ioniqcontrollermodel_model_type	2023-03-07 13:59:02.380661+00
33	devices	0008_simpleswitchmodel	2023-03-07 13:59:03.428878+00
34	devices	0009_auto_20211020_1326	2023-03-07 13:59:03.852036+00
35	devices	0010_auto_20211021_0950	2023-03-07 13:59:04.35396+00
36	devices	0011_analoguethermostatmodel_status	2023-03-07 13:59:04.954037+00
37	devices	0012_alter_analoguethermostatmodel_status	2023-03-07 13:59:05.352495+00
38	devices	0013_boilermodel_shutdown_temp	2023-03-07 13:59:05.851684+00
39	devices	0014_boilermodel_shutdown_enabled	2023-03-07 13:59:06.436997+00
40	devices	0015_auto_20211023_1913	2023-03-07 13:59:07.252065+00
41	devices	0016_smartthermostatmodel_status	2023-03-07 13:59:07.8476+00
42	devices	0017_smartthermostatmodel_last_set_temperature	2023-03-07 13:59:08.338448+00
43	devices	0018_alter_smartthermostatmodel_last_set_temperature	2023-03-07 13:59:08.748418+00
44	devices	0019_alter_smartthermostatmodel_status	2023-03-07 13:59:09.257421+00
45	devices	0020_alter_smartthermostatmodel_status	2023-03-07 13:59:09.662829+00
46	devices	0021_auto_20211026_1310	2023-03-07 13:59:10.306087+00
47	devices	0022_alter_boilermodel_shutdown_active	2023-03-07 13:59:10.715256+00
48	devices	0023_auto_20211026_1405	2023-03-07 13:59:11.113004+00
49	devices	0024_alter_smartthermostatmodel_set_temperature	2023-03-07 13:59:11.525917+00
50	devices	0025_auto_20211030_1641	2023-03-07 13:59:12.43987+00
51	devices	0026_auto_20211031_1551	2023-03-07 13:59:13.038812+00
52	devices	0027_auto_20211031_1814	2023-03-07 13:59:13.568698+00
53	devices	0028_smartthermostatmodel_scheduled_override	2023-03-07 13:59:14.158133+00
54	devices	0029_auto_20211106_0709	2023-03-07 13:59:15.25739+00
55	devices	0030_auto_20211108_1634	2023-03-07 13:59:15.867901+00
56	devices	0031_sensormodel_is_system	2023-03-07 13:59:16.458262+00
57	devices	0032_auto_20211116_0847	2023-03-07 13:59:17.070429+00
58	devices	0033_boilermodel_away_mode	2023-03-07 13:59:17.683896+00
59	devices	0034_auto_20211119_0534	2023-03-07 13:59:18.16601+00
60	devices	0035_auto_20211119_1552	2023-03-07 13:59:19.124747+00
61	devices	0036_auto_20211121_0649	2023-03-07 13:59:19.727994+00
62	devices	0037_auto_20211126_1256	2023-03-07 13:59:21.476439+00
63	devices	0038_auto_20211127_1424	2023-03-07 13:59:21.887889+00
64	devices	0039_auto_20211203_0928	2023-03-07 13:59:22.398607+00
65	devices	0040_auto_20211212_1052	2023-03-07 13:59:23.195348+00
66	devices	0041_sensormodel_correction_index	2023-03-07 13:59:23.699148+00
67	devices	0042_alter_sensormodel_correction_index	2023-03-07 13:59:24.090987+00
68	devices	0043_auto_20220101_1516	2023-03-07 13:59:24.706989+00
69	devices	0044_auto_20220115_1554	2023-03-07 13:59:25.583939+00
70	devices	0045_smartthermostatmodel_name_and_more	2023-03-07 13:59:26.188884+00
71	devices	0046_remove_boilermodel_type	2023-03-07 13:59:26.686263+00
72	devices	0047_boilermodel_type	2023-03-07 13:59:27.271445+00
73	django_q	0001_initial	2023-03-07 13:59:27.862581+00
74	django_q	0002_auto_20150630_1624	2023-03-07 13:59:28.464613+00
75	django_q	0003_auto_20150708_1326	2023-03-07 13:59:29.246833+00
76	django_q	0004_auto_20150710_1043	2023-03-07 13:59:29.546377+00
77	django_q	0005_auto_20150718_1506	2023-03-07 13:59:30.134966+00
78	django_q	0006_auto_20150805_1817	2023-03-07 13:59:30.630509+00
79	django_q	0007_ormq	2023-03-07 13:59:31.111865+00
80	django_q	0008_auto_20160224_1026	2023-03-07 13:59:31.497623+00
81	django_q	0009_auto_20171009_0915	2023-03-07 13:59:32.034758+00
82	django_q	0010_auto_20200610_0856	2023-03-07 13:59:32.439198+00
83	django_q	0011_auto_20200628_1055	2023-03-07 13:59:32.925974+00
84	django_q	0012_auto_20200702_1608	2023-03-07 13:59:33.317409+00
85	django_q	0013_task_attempt_count	2023-03-07 13:59:33.905763+00
86	django_q	0014_schedule_cluster	2023-03-07 13:59:34.390475+00
87	properties	0008_auto_20211020_0955	2023-03-07 13:59:35.308706+00
88	properties	0009_alter_boilerroommodel_boiler	2023-03-07 13:59:36.417907+00
89	properties	0010_delete_boilerroommodel	2023-03-07 13:59:36.911982+00
90	properties	0011_auto_20211029_1341	2023-03-07 13:59:37.549666+00
91	properties	0012_alter_apartmentmodel_boiler	2023-03-07 13:59:38.738938+00
92	properties	0013_auto_20211030_1641	2023-03-07 13:59:39.584516+00
93	properties	0014_buildingmodel_apartments_number	2023-03-07 13:59:40.069072+00
94	properties	0015_zonemodel_type	2023-03-07 13:59:40.701322+00
95	properties	0016_auto_20211111_0831	2023-03-07 13:59:41.869213+00
96	properties	0017_apartmentmodel_is_vacant	2023-03-07 13:59:42.749855+00
97	properties	0018_auto_20211116_0847	2023-03-07 13:59:43.776234+00
98	properties	0019_auto_20211117_1247	2023-03-07 13:59:44.104741+00
99	properties	0020_roommodel_room_type	2023-03-07 13:59:44.710298+00
100	properties	0021_apartmentmodel_tlimits_is_on	2023-03-07 13:59:45.294733+00
101	properties	0022_weatherrecordmodel	2023-03-07 13:59:46.103865+00
102	properties	0023_weatherrecordmodel_temp	2023-03-07 13:59:46.509726+00
103	properties	0024_auto_20220113_1405	2023-03-07 13:59:47.103648+00
104	properties	0025_alter_weatherrecordmodel_options	2023-03-07 13:59:47.500003+00
105	users	0002_tenantprofilemodel_is_guest	2023-03-07 13:59:48.097689+00
106	users	0003_auto_20211012_1520	2023-03-07 13:59:49.618593+00
107	users	0004_ownerprofilemodel_phone_number	2023-03-07 13:59:50.220656+00
108	users	0005_auto_20211013_1043	2023-03-07 13:59:50.658547+00
109	users	0006_rename_room_tenantprofilemodel_rooms	2023-03-07 13:59:51.155855+00
110	users	0007_tenantprofilemodel_owner	2023-03-07 13:59:51.864383+00
111	users	0008_tenantprofilemodel_access_link	2023-03-07 13:59:52.367023+00
112	users	0009_alter_tenantprofilemodel_user	2023-03-07 13:59:53.271708+00
113	users	0010_tenantprofilemodel_password_reset_needed	2023-03-07 13:59:53.876291+00
114	users	0011_alter_tenantprofilemodel_password_reset_needed	2023-03-07 13:59:54.280607+00
115	users	0012_customuser_updated_at	2023-03-07 13:59:54.875256+00
116	schedules	0001_initial	2023-03-07 13:59:55.983699+00
117	schedules	0002_alter_deviceschedulemodel_checkpoint	2023-03-07 13:59:56.278561+00
118	schedules	0003_alter_deviceschedulemodel_checkpoint	2023-03-07 13:59:56.667672+00
119	schedules	0004_thermostatsubscribermodel_setpoint	2023-03-07 13:59:57.156858+00
120	schedules	0005_deviceschedulemodel_week_day	2023-03-07 13:59:57.789932+00
121	schedules	0006_alter_deviceschedulemodel_week_day	2023-03-07 13:59:58.268927+00
122	schedules	0007_thermostatsubscribermodel_owner	2023-03-07 13:59:58.973553+00
123	schedules	0008_auto_20211104_1038	2023-03-07 14:00:00.274486+00
124	schedules	0009_alter_deviceschedulemodel_week_day	2023-03-07 14:00:00.667211+00
125	schedules	0010_analoguethermostatsubscribermodel_heatswitchsubscribermodel	2023-03-07 14:00:02.579194+00
126	schedules	0011_alter_analoguethermostatsubscribermodel_options	2023-03-07 14:00:02.921385+00
127	schedules	0012_landlordoffhoursschedulemodel	2023-03-07 14:00:04.256425+00
128	schedules	0013_landlordoffhoursschedulemodel_setpoint	2023-03-07 14:00:04.67706+00
129	schedules	0014_auto_20211125_1003	2023-03-07 14:00:05.373217+00
130	schedules	0015_delete_landlordoffhoursschedulemodel	2023-03-07 14:00:05.993375+00
131	schedules	0016_zonesubscribermodel	2023-03-07 14:00:07.191535+00
132	sessions	0001_initial	2023-03-07 14:00:07.916225+00
133	support	0001_initial	2023-03-07 14:00:08.622068+00
134	support	0002_alter_supportreuquestmodel_user	2023-03-07 14:00:09.430864+00
135	support	0003_rename_supportreuquestmodel_supportrequestmodel	2023-03-07 14:00:10.048197+00
136	support	0004_auto_20211110_1205	2023-03-07 14:00:10.568731+00
137	user_visit	0001_initial	2023-03-07 14:00:11.574559+00
138	user_visit	0002_add_created_at	2023-03-07 14:00:12.098574+00
139	user_visit	0003_uservisit_context	2023-03-07 14:00:12.693536+00
140	user_visit	0004_alter_uservisit_id	2023-03-07 14:00:13.461842+00
\.


--
-- Data for Name: django_q_ormq; Type: TABLE DATA; Schema: public; Owner: doadmin
--

COPY public.django_q_ormq (id, key, payload, lock) FROM stdin;
\.


--
-- Data for Name: django_q_schedule; Type: TABLE DATA; Schema: public; Owner: doadmin
--

COPY public.django_q_schedule (id, func, hook, args, kwargs, schedule_type, repeats, next_run, task, name, minutes, cron, cluster) FROM stdin;
\.


--
-- Data for Name: django_q_task; Type: TABLE DATA; Schema: public; Owner: doadmin
--

COPY public.django_q_task (name, func, hook, args, kwargs, result, started, stopped, success, id, "group", attempt_count) FROM stdin;
\.


--
-- Data for Name: django_session; Type: TABLE DATA; Schema: public; Owner: doadmin
--

COPY public.django_session (session_key, session_data, expire_date) FROM stdin;
ilvqr7j6l049t7xrwo9sv2x6tnzne8vc	.eJxVjEEOwiAQRe_C2pC2wAAu3XsGMjAztmpoUtqV8e7apAvd_vfef6mE2zqmrfGSJlJn1avT75axPLjugO5Yb7Muc12XKetd0Qdt-joTPy-H-3cwYhu_teF-AANOrCWgbHxwRQSoDDYYIEOd72yU4gVlIO9yAImMkcgCM2b1_gDi6jiv:1pZY7o:l6gHncbbgt9vMRcs1vZYSa569uyADzDjOcnWXhM0r8E	2023-03-21 14:17:08.974101+00
\.


--
-- Data for Name: properties_apartmentalertdetailsmodel; Type: TABLE DATA; Schema: public; Owner: doadmin
--

COPY public.properties_apartmentalertdetailsmodel (id, details, created_at, apartment_id) FROM stdin;
\.


--
-- Data for Name: properties_apartmentmodel; Type: TABLE DATA; Schema: public; Owner: doadmin
--

COPY public.properties_apartmentmodel (id, name, created_at, updated_at, building_id, boiler_id, rooms_number, leaseholder, max_temp, min_temp, is_vacant, is_alert, tlimits_is_on) FROM stdin;
\.


--
-- Data for Name: properties_buildingmodel; Type: TABLE DATA; Schema: public; Owner: doadmin
--

COPY public.properties_buildingmodel (id, name, created_at, updated_at, owner_id, provider_id, zip_code_id, address, boiler_id, floors_number, apartments_number) FROM stdin;
1	Avenue	2023-03-07 15:12:12.836+00	2023-03-07 15:12:16.55+00	1	\N	2	Avenue 6	4	5	17
\.


--
-- Data for Name: properties_roommodel; Type: TABLE DATA; Schema: public; Owner: doadmin
--

COPY public.properties_roommodel (id, name, created_at, updated_at, apartment_id, thermostat_id, analogue_thermostat_id, heat_switch_id, heat_source, size, room_type) FROM stdin;
\.


--
-- Data for Name: properties_weatherrecordmodel; Type: TABLE DATA; Schema: public; Owner: doadmin
--

COPY public.properties_weatherrecordmodel (id, created_at, zip_code_id, temp_f, temp_c) FROM stdin;
\.


--
-- Data for Name: properties_zipcodemodel; Type: TABLE DATA; Schema: public; Owner: doadmin
--

COPY public.properties_zipcodemodel (id, zip_code, lat_coord, lon_coord, todays_temp, created_at, updated_at) FROM stdin;
2	111111	2323.0000	2323.0000	60	2023-03-07 15:04:55.021+00	2023-03-07 15:04:57.634+00
\.


--
-- Data for Name: properties_zonemodel; Type: TABLE DATA; Schema: public; Owner: doadmin
--

COPY public.properties_zonemodel (id, name, created_at, updated_at, logo, controller_id, type) FROM stdin;
1	test_zone	2023-03-07 15:13:10.588+00	2023-03-07 15:13:13.123+00	\N	1	0
\.


--
-- Data for Name: schedules_analoguethermostatsubscribermodel; Type: TABLE DATA; Schema: public; Owner: doadmin
--

COPY public.schedules_analoguethermostatsubscribermodel (id, status, created_at, updated_at, analogue_thermostat_id, owner_id, schedule_id) FROM stdin;
\.


--
-- Data for Name: schedules_deviceschedulemodel; Type: TABLE DATA; Schema: public; Owner: doadmin
--

COPY public.schedules_deviceschedulemodel (id, checkpoint, week_day) FROM stdin;
\.


--
-- Data for Name: schedules_heatswitchsubscribermodel; Type: TABLE DATA; Schema: public; Owner: doadmin
--

COPY public.schedules_heatswitchsubscribermodel (id, status, created_at, updated_at, owner_id, schedule_id, switch_id) FROM stdin;
\.


--
-- Data for Name: schedules_thermostatsubscribermodel; Type: TABLE DATA; Schema: public; Owner: doadmin
--

COPY public.schedules_thermostatsubscribermodel (id, created_at, updated_at, schedule_id, thermostat_id, setpoint, owner_id) FROM stdin;
\.


--
-- Data for Name: schedules_zonesubscribermodel; Type: TABLE DATA; Schema: public; Owner: doadmin
--

COPY public.schedules_zonesubscribermodel (id, setpoint, created_at, updated_at, heating_zone_id, owner_id, schedule_id) FROM stdin;
\.


--
-- Data for Name: support_supportrequestmodel; Type: TABLE DATA; Schema: public; Owner: doadmin
--

COPY public.support_supportrequestmodel (id, subject, request, status, created_at, updated_at, user_id, email) FROM stdin;
\.


--
-- Data for Name: user_visit_uservisit; Type: TABLE DATA; Schema: public; Owner: doadmin
--

COPY public.user_visit_uservisit (id, "timestamp", session_key, remote_addr, ua_string, uuid, hash, user_id, created_at, context) FROM stdin;
1	2023-03-07 14:17:10.229247+00	ilvqr7j6l049t7xrwo9sv2x6tnzne8vc	127.0.0.1	Mozilla/5.0 (Windows NT 10.0; Win64; x64) AppleWebKit/537.36 (KHTML, like Gecko) Chrome/110.0.0.0 Safari/537.36	489de133-e69a-4c11-bf60-c2968639a963	58810101ea11a51b1bcf29252f5169cf	1	2023-03-07 14:17:10.331754+00	{}
\.


--
-- Data for Name: users_customuser; Type: TABLE DATA; Schema: public; Owner: doadmin
--

COPY public.users_customuser (id, password, last_login, is_superuser, username, is_staff, is_active, date_joined, updated_at) FROM stdin;
1	pbkdf2_sha256$390000$q9eDp2gRpeJi6ots6iM7jn$Kx7V2NmlBjmcv0Y774IB7lDb6Zl2LVKDLeOdwvYQusI=	2023-03-07 14:17:08.876639+00	t	admin@admin.com	t	t	2023-03-07 14:01:17.257627+00	2023-03-07 14:01:17.257627+00
\.


--
-- Data for Name: users_customuser_groups; Type: TABLE DATA; Schema: public; Owner: doadmin
--

COPY public.users_customuser_groups (id, customuser_id, group_id) FROM stdin;
\.


--
-- Data for Name: users_customuser_user_permissions; Type: TABLE DATA; Schema: public; Owner: doadmin
--

COPY public.users_customuser_user_permissions (id, customuser_id, permission_id) FROM stdin;
\.


--
-- Data for Name: users_ownerprofilemodel; Type: TABLE DATA; Schema: public; Owner: doadmin
--

COPY public.users_ownerprofilemodel (id, first_name, logo, created_at, updated_at, nickname, is_landlord, user_id, phone_number) FROM stdin;
1	admin	\N	2023-03-07 15:01:45.166+00	2023-03-07 15:01:49.149+00	admin	t	1	1234567890
\.


--
-- Data for Name: users_providerprofilemodel; Type: TABLE DATA; Schema: public; Owner: doadmin
--

COPY public.users_providerprofilemodel (id, first_name, logo, created_at, updated_at, company, phone_number, user_id, zip_id) FROM stdin;
\.


--
-- Data for Name: users_staffprofilemodel; Type: TABLE DATA; Schema: public; Owner: doadmin
--

COPY public.users_staffprofilemodel (id, first_name, logo, created_at, updated_at, user_id) FROM stdin;
\.


--
-- Data for Name: users_tenantprofilemodel; Type: TABLE DATA; Schema: public; Owner: doadmin
--

COPY public.users_tenantprofilemodel (id, first_name, logo, created_at, updated_at, user_id, is_guest, owner_id, access_link, password_reset_needed) FROM stdin;
\.


--
-- Data for Name: users_tenantprofilemodel_rooms; Type: TABLE DATA; Schema: public; Owner: doadmin
--

COPY public.users_tenantprofilemodel_rooms (id, tenantprofilemodel_id, roommodel_id) FROM stdin;
\.


--
-- Name: auth_group_id_seq; Type: SEQUENCE SET; Schema: public; Owner: doadmin
--

SELECT pg_catalog.setval('public.auth_group_id_seq', 1, false);


--
-- Name: auth_group_permissions_id_seq; Type: SEQUENCE SET; Schema: public; Owner: doadmin
--

SELECT pg_catalog.setval('public.auth_group_permissions_id_seq', 1, false);


--
-- Name: auth_permission_id_seq; Type: SEQUENCE SET; Schema: public; Owner: doadmin
--

SELECT pg_catalog.setval('public.auth_permission_id_seq', 140, true);


--
-- Name: devices_analoguethermostatmodel_id_seq; Type: SEQUENCE SET; Schema: public; Owner: doadmin
--

SELECT pg_catalog.setval('public.devices_analoguethermostatmodel_id_seq', 1, false);


--
-- Name: devices_boilermodel_id_seq; Type: SEQUENCE SET; Schema: public; Owner: doadmin
--

SELECT pg_catalog.setval('public.devices_boilermodel_id_seq', 4, true);


--
-- Name: devices_ioniqcontrollermodel_id_seq; Type: SEQUENCE SET; Schema: public; Owner: doadmin
--

SELECT pg_catalog.setval('public.devices_ioniqcontrollermodel_id_seq', 1, true);


--
-- Name: devices_sensormodel_id_seq; Type: SEQUENCE SET; Schema: public; Owner: doadmin
--

SELECT pg_catalog.setval('public.devices_sensormodel_id_seq', 1, false);


--
-- Name: devices_simpleswitchmodel_id_seq; Type: SEQUENCE SET; Schema: public; Owner: doadmin
--

SELECT pg_catalog.setval('public.devices_simpleswitchmodel_id_seq', 1, false);


--
-- Name: devices_smartthermostatmodel_id_seq; Type: SEQUENCE SET; Schema: public; Owner: doadmin
--

SELECT pg_catalog.setval('public.devices_smartthermostatmodel_id_seq', 2, true);


--
-- Name: django_admin_log_id_seq; Type: SEQUENCE SET; Schema: public; Owner: doadmin
--

SELECT pg_catalog.setval('public.django_admin_log_id_seq', 1, false);


--
-- Name: django_content_type_id_seq; Type: SEQUENCE SET; Schema: public; Owner: doadmin
--

SELECT pg_catalog.setval('public.django_content_type_id_seq', 35, true);


--
-- Name: django_migrations_id_seq; Type: SEQUENCE SET; Schema: public; Owner: doadmin
--

SELECT pg_catalog.setval('public.django_migrations_id_seq', 140, true);


--
-- Name: django_q_ormq_id_seq; Type: SEQUENCE SET; Schema: public; Owner: doadmin
--

SELECT pg_catalog.setval('public.django_q_ormq_id_seq', 1, false);


--
-- Name: django_q_schedule_id_seq; Type: SEQUENCE SET; Schema: public; Owner: doadmin
--

SELECT pg_catalog.setval('public.django_q_schedule_id_seq', 1, false);


--
-- Name: properties_apartmentalertdetailsmodel_id_seq; Type: SEQUENCE SET; Schema: public; Owner: doadmin
--

SELECT pg_catalog.setval('public.properties_apartmentalertdetailsmodel_id_seq', 1, false);


--
-- Name: properties_apartmentmodel_id_seq; Type: SEQUENCE SET; Schema: public; Owner: doadmin
--

SELECT pg_catalog.setval('public.properties_apartmentmodel_id_seq', 1, false);


--
-- Name: properties_buildingmodel_id_seq; Type: SEQUENCE SET; Schema: public; Owner: doadmin
--

SELECT pg_catalog.setval('public.properties_buildingmodel_id_seq', 1, true);


--
-- Name: properties_roommodel_id_seq; Type: SEQUENCE SET; Schema: public; Owner: doadmin
--

SELECT pg_catalog.setval('public.properties_roommodel_id_seq', 1, false);


--
-- Name: properties_weatherrecordmodel_id_seq; Type: SEQUENCE SET; Schema: public; Owner: doadmin
--

SELECT pg_catalog.setval('public.properties_weatherrecordmodel_id_seq', 1, false);


--
-- Name: properties_zipcodemodel_id_seq; Type: SEQUENCE SET; Schema: public; Owner: doadmin
--

SELECT pg_catalog.setval('public.properties_zipcodemodel_id_seq', 2, true);


--
-- Name: properties_zonemodel_id_seq; Type: SEQUENCE SET; Schema: public; Owner: doadmin
--

SELECT pg_catalog.setval('public.properties_zonemodel_id_seq', 1, true);


--
-- Name: schedules_analoguethermostatsubscribermodel_id_seq; Type: SEQUENCE SET; Schema: public; Owner: doadmin
--

SELECT pg_catalog.setval('public.schedules_analoguethermostatsubscribermodel_id_seq', 1, false);


--
-- Name: schedules_deviceschedulemodel_id_seq; Type: SEQUENCE SET; Schema: public; Owner: doadmin
--

SELECT pg_catalog.setval('public.schedules_deviceschedulemodel_id_seq', 1, false);


--
-- Name: schedules_heatswitchsubscribermodel_id_seq; Type: SEQUENCE SET; Schema: public; Owner: doadmin
--

SELECT pg_catalog.setval('public.schedules_heatswitchsubscribermodel_id_seq', 1, false);


--
-- Name: schedules_thermostatsubscribermodel_id_seq; Type: SEQUENCE SET; Schema: public; Owner: doadmin
--

SELECT pg_catalog.setval('public.schedules_thermostatsubscribermodel_id_seq', 1, false);


--
-- Name: schedules_zonesubscribermodel_id_seq; Type: SEQUENCE SET; Schema: public; Owner: doadmin
--

SELECT pg_catalog.setval('public.schedules_zonesubscribermodel_id_seq', 1, false);


--
-- Name: support_supportreuquestmodel_id_seq; Type: SEQUENCE SET; Schema: public; Owner: doadmin
--

SELECT pg_catalog.setval('public.support_supportreuquestmodel_id_seq', 1, false);


--
-- Name: user_visit_uservisit_id_seq; Type: SEQUENCE SET; Schema: public; Owner: doadmin
--

SELECT pg_catalog.setval('public.user_visit_uservisit_id_seq', 1, true);


--
-- Name: users_customuser_groups_id_seq; Type: SEQUENCE SET; Schema: public; Owner: doadmin
--

SELECT pg_catalog.setval('public.users_customuser_groups_id_seq', 1, false);


--
-- Name: users_customuser_id_seq; Type: SEQUENCE SET; Schema: public; Owner: doadmin
--

SELECT pg_catalog.setval('public.users_customuser_id_seq', 1, true);


--
-- Name: users_customuser_user_permissions_id_seq; Type: SEQUENCE SET; Schema: public; Owner: doadmin
--

SELECT pg_catalog.setval('public.users_customuser_user_permissions_id_seq', 1, false);


--
-- Name: users_ownerprofilemodel_id_seq; Type: SEQUENCE SET; Schema: public; Owner: doadmin
--

SELECT pg_catalog.setval('public.users_ownerprofilemodel_id_seq', 1, true);


--
-- Name: users_providerprofilemodel_id_seq; Type: SEQUENCE SET; Schema: public; Owner: doadmin
--

SELECT pg_catalog.setval('public.users_providerprofilemodel_id_seq', 1, false);


--
-- Name: users_staffprofilemodel_id_seq; Type: SEQUENCE SET; Schema: public; Owner: doadmin
--

SELECT pg_catalog.setval('public.users_staffprofilemodel_id_seq', 1, false);


--
-- Name: users_tenantprofilemodel_id_seq; Type: SEQUENCE SET; Schema: public; Owner: doadmin
--

SELECT pg_catalog.setval('public.users_tenantprofilemodel_id_seq', 1, false);


--
-- Name: users_tenantprofilemodel_room_id_seq; Type: SEQUENCE SET; Schema: public; Owner: doadmin
--

SELECT pg_catalog.setval('public.users_tenantprofilemodel_room_id_seq', 1, false);


--
-- Name: auth_group auth_group_name_key; Type: CONSTRAINT; Schema: public; Owner: doadmin
--

ALTER TABLE ONLY public.auth_group
    ADD CONSTRAINT auth_group_name_key UNIQUE (name);


--
-- Name: auth_group_permissions auth_group_permissions_group_id_permission_id_0cd325b0_uniq; Type: CONSTRAINT; Schema: public; Owner: doadmin
--

ALTER TABLE ONLY public.auth_group_permissions
    ADD CONSTRAINT auth_group_permissions_group_id_permission_id_0cd325b0_uniq UNIQUE (group_id, permission_id);


--
-- Name: auth_group_permissions auth_group_permissions_pkey; Type: CONSTRAINT; Schema: public; Owner: doadmin
--

ALTER TABLE ONLY public.auth_group_permissions
    ADD CONSTRAINT auth_group_permissions_pkey PRIMARY KEY (id);


--
-- Name: auth_group auth_group_pkey; Type: CONSTRAINT; Schema: public; Owner: doadmin
--

ALTER TABLE ONLY public.auth_group
    ADD CONSTRAINT auth_group_pkey PRIMARY KEY (id);


--
-- Name: auth_permission auth_permission_content_type_id_codename_01ab375a_uniq; Type: CONSTRAINT; Schema: public; Owner: doadmin
--

ALTER TABLE ONLY public.auth_permission
    ADD CONSTRAINT auth_permission_content_type_id_codename_01ab375a_uniq UNIQUE (content_type_id, codename);


--
-- Name: auth_permission auth_permission_pkey; Type: CONSTRAINT; Schema: public; Owner: doadmin
--

ALTER TABLE ONLY public.auth_permission
    ADD CONSTRAINT auth_permission_pkey PRIMARY KEY (id);


--
-- Name: devices_analoguethermostatmodel devices_analoguethermostatmodel_pkey; Type: CONSTRAINT; Schema: public; Owner: doadmin
--

ALTER TABLE ONLY public.devices_analoguethermostatmodel
    ADD CONSTRAINT devices_analoguethermostatmodel_pkey PRIMARY KEY (id);


--
-- Name: devices_boilermodel devices_boilermodel_pkey; Type: CONSTRAINT; Schema: public; Owner: doadmin
--

ALTER TABLE ONLY public.devices_boilermodel
    ADD CONSTRAINT devices_boilermodel_pkey PRIMARY KEY (id);


--
-- Name: devices_ioniqcontrollermodel devices_ioniqcontrollermodel_pkey; Type: CONSTRAINT; Schema: public; Owner: doadmin
--

ALTER TABLE ONLY public.devices_ioniqcontrollermodel
    ADD CONSTRAINT devices_ioniqcontrollermodel_pkey PRIMARY KEY (id);


--
-- Name: devices_sensormodel devices_sensormodel_pkey; Type: CONSTRAINT; Schema: public; Owner: doadmin
--

ALTER TABLE ONLY public.devices_sensormodel
    ADD CONSTRAINT devices_sensormodel_pkey PRIMARY KEY (id);


--
-- Name: devices_simpleswitchmodel devices_simpleswitchmodel_pkey; Type: CONSTRAINT; Schema: public; Owner: doadmin
--

ALTER TABLE ONLY public.devices_simpleswitchmodel
    ADD CONSTRAINT devices_simpleswitchmodel_pkey PRIMARY KEY (id);


--
-- Name: devices_smartthermostatmodel devices_smartthermostatmodel_pkey; Type: CONSTRAINT; Schema: public; Owner: doadmin
--

ALTER TABLE ONLY public.devices_smartthermostatmodel
    ADD CONSTRAINT devices_smartthermostatmodel_pkey PRIMARY KEY (id);


--
-- Name: django_admin_log django_admin_log_pkey; Type: CONSTRAINT; Schema: public; Owner: doadmin
--

ALTER TABLE ONLY public.django_admin_log
    ADD CONSTRAINT django_admin_log_pkey PRIMARY KEY (id);


--
-- Name: django_content_type django_content_type_app_label_model_76bd3d3b_uniq; Type: CONSTRAINT; Schema: public; Owner: doadmin
--

ALTER TABLE ONLY public.django_content_type
    ADD CONSTRAINT django_content_type_app_label_model_76bd3d3b_uniq UNIQUE (app_label, model);


--
-- Name: django_content_type django_content_type_pkey; Type: CONSTRAINT; Schema: public; Owner: doadmin
--

ALTER TABLE ONLY public.django_content_type
    ADD CONSTRAINT django_content_type_pkey PRIMARY KEY (id);


--
-- Name: django_migrations django_migrations_pkey; Type: CONSTRAINT; Schema: public; Owner: doadmin
--

ALTER TABLE ONLY public.django_migrations
    ADD CONSTRAINT django_migrations_pkey PRIMARY KEY (id);


--
-- Name: django_q_ormq django_q_ormq_pkey; Type: CONSTRAINT; Schema: public; Owner: doadmin
--

ALTER TABLE ONLY public.django_q_ormq
    ADD CONSTRAINT django_q_ormq_pkey PRIMARY KEY (id);


--
-- Name: django_q_schedule django_q_schedule_pkey; Type: CONSTRAINT; Schema: public; Owner: doadmin
--

ALTER TABLE ONLY public.django_q_schedule
    ADD CONSTRAINT django_q_schedule_pkey PRIMARY KEY (id);


--
-- Name: django_q_task django_q_task_pkey; Type: CONSTRAINT; Schema: public; Owner: doadmin
--

ALTER TABLE ONLY public.django_q_task
    ADD CONSTRAINT django_q_task_pkey PRIMARY KEY (id);


--
-- Name: django_session django_session_pkey; Type: CONSTRAINT; Schema: public; Owner: doadmin
--

ALTER TABLE ONLY public.django_session
    ADD CONSTRAINT django_session_pkey PRIMARY KEY (session_key);


--
-- Name: properties_apartmentalertdetailsmodel properties_apartmentalertdetailsmodel_pkey; Type: CONSTRAINT; Schema: public; Owner: doadmin
--

ALTER TABLE ONLY public.properties_apartmentalertdetailsmodel
    ADD CONSTRAINT properties_apartmentalertdetailsmodel_pkey PRIMARY KEY (id);


--
-- Name: properties_apartmentmodel properties_apartmentmodel_pkey; Type: CONSTRAINT; Schema: public; Owner: doadmin
--

ALTER TABLE ONLY public.properties_apartmentmodel
    ADD CONSTRAINT properties_apartmentmodel_pkey PRIMARY KEY (id);


--
-- Name: properties_buildingmodel properties_buildingmodel_boiler_id_key; Type: CONSTRAINT; Schema: public; Owner: doadmin
--

ALTER TABLE ONLY public.properties_buildingmodel
    ADD CONSTRAINT properties_buildingmodel_boiler_id_key UNIQUE (boiler_id);


--
-- Name: properties_buildingmodel properties_buildingmodel_pkey; Type: CONSTRAINT; Schema: public; Owner: doadmin
--

ALTER TABLE ONLY public.properties_buildingmodel
    ADD CONSTRAINT properties_buildingmodel_pkey PRIMARY KEY (id);


--
-- Name: properties_roommodel properties_roommodel_pkey; Type: CONSTRAINT; Schema: public; Owner: doadmin
--

ALTER TABLE ONLY public.properties_roommodel
    ADD CONSTRAINT properties_roommodel_pkey PRIMARY KEY (id);


--
-- Name: properties_weatherrecordmodel properties_weatherrecordmodel_pkey; Type: CONSTRAINT; Schema: public; Owner: doadmin
--

ALTER TABLE ONLY public.properties_weatherrecordmodel
    ADD CONSTRAINT properties_weatherrecordmodel_pkey PRIMARY KEY (id);


--
-- Name: properties_zipcodemodel properties_zipcodemodel_pkey; Type: CONSTRAINT; Schema: public; Owner: doadmin
--

ALTER TABLE ONLY public.properties_zipcodemodel
    ADD CONSTRAINT properties_zipcodemodel_pkey PRIMARY KEY (id);


--
-- Name: properties_zonemodel properties_zonemodel_pkey; Type: CONSTRAINT; Schema: public; Owner: doadmin
--

ALTER TABLE ONLY public.properties_zonemodel
    ADD CONSTRAINT properties_zonemodel_pkey PRIMARY KEY (id);


--
-- Name: schedules_analoguethermostatsubscribermodel schedules_analoguethermostatsubscribermodel_pkey; Type: CONSTRAINT; Schema: public; Owner: doadmin
--

ALTER TABLE ONLY public.schedules_analoguethermostatsubscribermodel
    ADD CONSTRAINT schedules_analoguethermostatsubscribermodel_pkey PRIMARY KEY (id);


--
-- Name: schedules_deviceschedulemodel schedules_deviceschedulemodel_pkey; Type: CONSTRAINT; Schema: public; Owner: doadmin
--

ALTER TABLE ONLY public.schedules_deviceschedulemodel
    ADD CONSTRAINT schedules_deviceschedulemodel_pkey PRIMARY KEY (id);


--
-- Name: schedules_heatswitchsubscribermodel schedules_heatswitchsubscribermodel_pkey; Type: CONSTRAINT; Schema: public; Owner: doadmin
--

ALTER TABLE ONLY public.schedules_heatswitchsubscribermodel
    ADD CONSTRAINT schedules_heatswitchsubscribermodel_pkey PRIMARY KEY (id);


--
-- Name: schedules_thermostatsubscribermodel schedules_thermostatsubscribermodel_pkey; Type: CONSTRAINT; Schema: public; Owner: doadmin
--

ALTER TABLE ONLY public.schedules_thermostatsubscribermodel
    ADD CONSTRAINT schedules_thermostatsubscribermodel_pkey PRIMARY KEY (id);


--
-- Name: schedules_zonesubscribermodel schedules_zonesubscribermodel_pkey; Type: CONSTRAINT; Schema: public; Owner: doadmin
--

ALTER TABLE ONLY public.schedules_zonesubscribermodel
    ADD CONSTRAINT schedules_zonesubscribermodel_pkey PRIMARY KEY (id);


--
-- Name: support_supportrequestmodel support_supportreuquestmodel_pkey; Type: CONSTRAINT; Schema: public; Owner: doadmin
--

ALTER TABLE ONLY public.support_supportrequestmodel
    ADD CONSTRAINT support_supportreuquestmodel_pkey PRIMARY KEY (id);


--
-- Name: user_visit_uservisit user_visit_uservisit_hash_key; Type: CONSTRAINT; Schema: public; Owner: doadmin
--

ALTER TABLE ONLY public.user_visit_uservisit
    ADD CONSTRAINT user_visit_uservisit_hash_key UNIQUE (hash);


--
-- Name: user_visit_uservisit user_visit_uservisit_pkey; Type: CONSTRAINT; Schema: public; Owner: doadmin
--

ALTER TABLE ONLY public.user_visit_uservisit
    ADD CONSTRAINT user_visit_uservisit_pkey PRIMARY KEY (id);


--
-- Name: user_visit_uservisit user_visit_uservisit_uuid_key; Type: CONSTRAINT; Schema: public; Owner: doadmin
--

ALTER TABLE ONLY public.user_visit_uservisit
    ADD CONSTRAINT user_visit_uservisit_uuid_key UNIQUE (uuid);


--
-- Name: users_customuser_groups users_customuser_groups_customuser_id_group_id_76b619e3_uniq; Type: CONSTRAINT; Schema: public; Owner: doadmin
--

ALTER TABLE ONLY public.users_customuser_groups
    ADD CONSTRAINT users_customuser_groups_customuser_id_group_id_76b619e3_uniq UNIQUE (customuser_id, group_id);


--
-- Name: users_customuser_groups users_customuser_groups_pkey; Type: CONSTRAINT; Schema: public; Owner: doadmin
--

ALTER TABLE ONLY public.users_customuser_groups
    ADD CONSTRAINT users_customuser_groups_pkey PRIMARY KEY (id);


--
-- Name: users_customuser users_customuser_pkey; Type: CONSTRAINT; Schema: public; Owner: doadmin
--

ALTER TABLE ONLY public.users_customuser
    ADD CONSTRAINT users_customuser_pkey PRIMARY KEY (id);


--
-- Name: users_customuser_user_permissions users_customuser_user_pe_customuser_id_permission_7a7debf6_uniq; Type: CONSTRAINT; Schema: public; Owner: doadmin
--

ALTER TABLE ONLY public.users_customuser_user_permissions
    ADD CONSTRAINT users_customuser_user_pe_customuser_id_permission_7a7debf6_uniq UNIQUE (customuser_id, permission_id);


--
-- Name: users_customuser_user_permissions users_customuser_user_permissions_pkey; Type: CONSTRAINT; Schema: public; Owner: doadmin
--

ALTER TABLE ONLY public.users_customuser_user_permissions
    ADD CONSTRAINT users_customuser_user_permissions_pkey PRIMARY KEY (id);


--
-- Name: users_customuser users_customuser_username_key; Type: CONSTRAINT; Schema: public; Owner: doadmin
--

ALTER TABLE ONLY public.users_customuser
    ADD CONSTRAINT users_customuser_username_key UNIQUE (username);


--
-- Name: users_ownerprofilemodel users_ownerprofilemodel_pkey; Type: CONSTRAINT; Schema: public; Owner: doadmin
--

ALTER TABLE ONLY public.users_ownerprofilemodel
    ADD CONSTRAINT users_ownerprofilemodel_pkey PRIMARY KEY (id);


--
-- Name: users_ownerprofilemodel users_ownerprofilemodel_user_id_key; Type: CONSTRAINT; Schema: public; Owner: doadmin
--

ALTER TABLE ONLY public.users_ownerprofilemodel
    ADD CONSTRAINT users_ownerprofilemodel_user_id_key UNIQUE (user_id);


--
-- Name: users_providerprofilemodel users_providerprofilemodel_pkey; Type: CONSTRAINT; Schema: public; Owner: doadmin
--

ALTER TABLE ONLY public.users_providerprofilemodel
    ADD CONSTRAINT users_providerprofilemodel_pkey PRIMARY KEY (id);


--
-- Name: users_providerprofilemodel users_providerprofilemodel_user_id_key; Type: CONSTRAINT; Schema: public; Owner: doadmin
--

ALTER TABLE ONLY public.users_providerprofilemodel
    ADD CONSTRAINT users_providerprofilemodel_user_id_key UNIQUE (user_id);


--
-- Name: users_staffprofilemodel users_staffprofilemodel_pkey; Type: CONSTRAINT; Schema: public; Owner: doadmin
--

ALTER TABLE ONLY public.users_staffprofilemodel
    ADD CONSTRAINT users_staffprofilemodel_pkey PRIMARY KEY (id);


--
-- Name: users_staffprofilemodel users_staffprofilemodel_user_id_key; Type: CONSTRAINT; Schema: public; Owner: doadmin
--

ALTER TABLE ONLY public.users_staffprofilemodel
    ADD CONSTRAINT users_staffprofilemodel_user_id_key UNIQUE (user_id);


--
-- Name: users_tenantprofilemodel users_tenantprofilemodel_pkey; Type: CONSTRAINT; Schema: public; Owner: doadmin
--

ALTER TABLE ONLY public.users_tenantprofilemodel
    ADD CONSTRAINT users_tenantprofilemodel_pkey PRIMARY KEY (id);


--
-- Name: users_tenantprofilemodel_rooms users_tenantprofilemodel_room_pkey; Type: CONSTRAINT; Schema: public; Owner: doadmin
--

ALTER TABLE ONLY public.users_tenantprofilemodel_rooms
    ADD CONSTRAINT users_tenantprofilemodel_room_pkey PRIMARY KEY (id);


--
-- Name: users_tenantprofilemodel_rooms users_tenantprofilemodel_tenantprofilemodel_id_ro_9df20aff_uniq; Type: CONSTRAINT; Schema: public; Owner: doadmin
--

ALTER TABLE ONLY public.users_tenantprofilemodel_rooms
    ADD CONSTRAINT users_tenantprofilemodel_tenantprofilemodel_id_ro_9df20aff_uniq UNIQUE (tenantprofilemodel_id, roommodel_id);


--
-- Name: users_tenantprofilemodel users_tenantprofilemodel_user_id_key; Type: CONSTRAINT; Schema: public; Owner: doadmin
--

ALTER TABLE ONLY public.users_tenantprofilemodel
    ADD CONSTRAINT users_tenantprofilemodel_user_id_key UNIQUE (user_id);


--
-- Name: auth_group_name_a6ea08ec_like; Type: INDEX; Schema: public; Owner: doadmin
--

CREATE INDEX auth_group_name_a6ea08ec_like ON public.auth_group USING btree (name varchar_pattern_ops);


--
-- Name: auth_group_permissions_group_id_b120cbf9; Type: INDEX; Schema: public; Owner: doadmin
--

CREATE INDEX auth_group_permissions_group_id_b120cbf9 ON public.auth_group_permissions USING btree (group_id);


--
-- Name: auth_group_permissions_permission_id_84c5c92e; Type: INDEX; Schema: public; Owner: doadmin
--

CREATE INDEX auth_group_permissions_permission_id_84c5c92e ON public.auth_group_permissions USING btree (permission_id);


--
-- Name: auth_permission_content_type_id_2f476e4b; Type: INDEX; Schema: public; Owner: doadmin
--

CREATE INDEX auth_permission_content_type_id_2f476e4b ON public.auth_permission USING btree (content_type_id);


--
-- Name: devices_analoguethermostatmodel_zone_id_637c1c26; Type: INDEX; Schema: public; Owner: doadmin
--

CREATE INDEX devices_analoguethermostatmodel_zone_id_637c1c26 ON public.devices_analoguethermostatmodel USING btree (zone_id);


--
-- Name: devices_boilermodel_owner_id_03e73c62; Type: INDEX; Schema: public; Owner: doadmin
--

CREATE INDEX devices_boilermodel_owner_id_03e73c62 ON public.devices_boilermodel USING btree (owner_id);


--
-- Name: devices_ioniqcontrollermodel_boiler_id_babcfcd5; Type: INDEX; Schema: public; Owner: doadmin
--

CREATE INDEX devices_ioniqcontrollermodel_boiler_id_babcfcd5 ON public.devices_ioniqcontrollermodel USING btree (boiler_id);


--
-- Name: devices_ioniqcontrollermodel_building_id_d9fbf08d; Type: INDEX; Schema: public; Owner: doadmin
--

CREATE INDEX devices_ioniqcontrollermodel_building_id_d9fbf08d ON public.devices_ioniqcontrollermodel USING btree (building_id);


--
-- Name: devices_ioniqcontrollermodel_owner_id_8528af9f; Type: INDEX; Schema: public; Owner: doadmin
--

CREATE INDEX devices_ioniqcontrollermodel_owner_id_8528af9f ON public.devices_ioniqcontrollermodel USING btree (owner_id);


--
-- Name: devices_sensormodel_parent_device_id_8fa10bb9; Type: INDEX; Schema: public; Owner: doadmin
--

CREATE INDEX devices_sensormodel_parent_device_id_8fa10bb9 ON public.devices_sensormodel USING btree (parent_device_id);


--
-- Name: devices_sensormodel_zone_id_d6f3c269; Type: INDEX; Schema: public; Owner: doadmin
--

CREATE INDEX devices_sensormodel_zone_id_d6f3c269 ON public.devices_sensormodel USING btree (zone_id);


--
-- Name: devices_simpleswitchmodel_zone_id_65b91c47; Type: INDEX; Schema: public; Owner: doadmin
--

CREATE INDEX devices_simpleswitchmodel_zone_id_65b91c47 ON public.devices_simpleswitchmodel USING btree (zone_id);


--
-- Name: devices_smartthermostatmodel_owner_id_f8a32b8b; Type: INDEX; Schema: public; Owner: doadmin
--

CREATE INDEX devices_smartthermostatmodel_owner_id_f8a32b8b ON public.devices_smartthermostatmodel USING btree (owner_id);


--
-- Name: devices_smartthermostatmodel_zone_id_55137bff; Type: INDEX; Schema: public; Owner: doadmin
--

CREATE INDEX devices_smartthermostatmodel_zone_id_55137bff ON public.devices_smartthermostatmodel USING btree (zone_id);


--
-- Name: django_admin_log_content_type_id_c4bce8eb; Type: INDEX; Schema: public; Owner: doadmin
--

CREATE INDEX django_admin_log_content_type_id_c4bce8eb ON public.django_admin_log USING btree (content_type_id);


--
-- Name: django_admin_log_user_id_c564eba6; Type: INDEX; Schema: public; Owner: doadmin
--

CREATE INDEX django_admin_log_user_id_c564eba6 ON public.django_admin_log USING btree (user_id);


--
-- Name: django_q_task_id_32882367_like; Type: INDEX; Schema: public; Owner: doadmin
--

CREATE INDEX django_q_task_id_32882367_like ON public.django_q_task USING btree (id varchar_pattern_ops);


--
-- Name: django_session_expire_date_a5c62663; Type: INDEX; Schema: public; Owner: doadmin
--

CREATE INDEX django_session_expire_date_a5c62663 ON public.django_session USING btree (expire_date);


--
-- Name: django_session_session_key_c0390e0f_like; Type: INDEX; Schema: public; Owner: doadmin
--

CREATE INDEX django_session_session_key_c0390e0f_like ON public.django_session USING btree (session_key varchar_pattern_ops);


--
-- Name: properties_apartmentalertdetailsmodel_apartment_id_9addf14d; Type: INDEX; Schema: public; Owner: doadmin
--

CREATE INDEX properties_apartmentalertdetailsmodel_apartment_id_9addf14d ON public.properties_apartmentalertdetailsmodel USING btree (apartment_id);


--
-- Name: properties_apartmentmodel_boiler_id_b765e184; Type: INDEX; Schema: public; Owner: doadmin
--

CREATE INDEX properties_apartmentmodel_boiler_id_b765e184 ON public.properties_apartmentmodel USING btree (boiler_id);


--
-- Name: properties_apartmentmodel_building_id_74112d11; Type: INDEX; Schema: public; Owner: doadmin
--

CREATE INDEX properties_apartmentmodel_building_id_74112d11 ON public.properties_apartmentmodel USING btree (building_id);


--
-- Name: properties_buildingmodel_owner_id_e28cfe0d; Type: INDEX; Schema: public; Owner: doadmin
--

CREATE INDEX properties_buildingmodel_owner_id_e28cfe0d ON public.properties_buildingmodel USING btree (owner_id);


--
-- Name: properties_buildingmodel_provider_id_ae9f1627; Type: INDEX; Schema: public; Owner: doadmin
--

CREATE INDEX properties_buildingmodel_provider_id_ae9f1627 ON public.properties_buildingmodel USING btree (provider_id);


--
-- Name: properties_buildingmodel_zip_code_id_f0d67f33; Type: INDEX; Schema: public; Owner: doadmin
--

CREATE INDEX properties_buildingmodel_zip_code_id_f0d67f33 ON public.properties_buildingmodel USING btree (zip_code_id);


--
-- Name: properties_roommodel_analogue_thermostat_id_63b6ec2f; Type: INDEX; Schema: public; Owner: doadmin
--

CREATE INDEX properties_roommodel_analogue_thermostat_id_63b6ec2f ON public.properties_roommodel USING btree (analogue_thermostat_id);


--
-- Name: properties_roommodel_apartment_id_0894f475; Type: INDEX; Schema: public; Owner: doadmin
--

CREATE INDEX properties_roommodel_apartment_id_0894f475 ON public.properties_roommodel USING btree (apartment_id);


--
-- Name: properties_roommodel_heat_switch_id_dabbf41c; Type: INDEX; Schema: public; Owner: doadmin
--

CREATE INDEX properties_roommodel_heat_switch_id_dabbf41c ON public.properties_roommodel USING btree (heat_switch_id);


--
-- Name: properties_roommodel_thermostat_id_085883a3; Type: INDEX; Schema: public; Owner: doadmin
--

CREATE INDEX properties_roommodel_thermostat_id_085883a3 ON public.properties_roommodel USING btree (thermostat_id);


--
-- Name: properties_weatherrecordmodel_zip_code_id_2288db23; Type: INDEX; Schema: public; Owner: doadmin
--

CREATE INDEX properties_weatherrecordmodel_zip_code_id_2288db23 ON public.properties_weatherrecordmodel USING btree (zip_code_id);


--
-- Name: properties_zonemodel_controller_id_7f956bbc; Type: INDEX; Schema: public; Owner: doadmin
--

CREATE INDEX properties_zonemodel_controller_id_7f956bbc ON public.properties_zonemodel USING btree (controller_id);


--
-- Name: schedules_analoguethermost_analogue_thermostat_id_46e4992a; Type: INDEX; Schema: public; Owner: doadmin
--

CREATE INDEX schedules_analoguethermost_analogue_thermostat_id_46e4992a ON public.schedules_analoguethermostatsubscribermodel USING btree (analogue_thermostat_id);


--
-- Name: schedules_analoguethermost_schedule_id_c8005d40; Type: INDEX; Schema: public; Owner: doadmin
--

CREATE INDEX schedules_analoguethermost_schedule_id_c8005d40 ON public.schedules_analoguethermostatsubscribermodel USING btree (schedule_id);


--
-- Name: schedules_analoguethermostatsubscribermodel_owner_id_c1b0e986; Type: INDEX; Schema: public; Owner: doadmin
--

CREATE INDEX schedules_analoguethermostatsubscribermodel_owner_id_c1b0e986 ON public.schedules_analoguethermostatsubscribermodel USING btree (owner_id);


--
-- Name: schedules_heatswitchsubscribermodel_owner_id_993dbe2c; Type: INDEX; Schema: public; Owner: doadmin
--

CREATE INDEX schedules_heatswitchsubscribermodel_owner_id_993dbe2c ON public.schedules_heatswitchsubscribermodel USING btree (owner_id);


--
-- Name: schedules_heatswitchsubscribermodel_schedule_id_98732f26; Type: INDEX; Schema: public; Owner: doadmin
--

CREATE INDEX schedules_heatswitchsubscribermodel_schedule_id_98732f26 ON public.schedules_heatswitchsubscribermodel USING btree (schedule_id);


--
-- Name: schedules_heatswitchsubscribermodel_switch_id_12ded067; Type: INDEX; Schema: public; Owner: doadmin
--

CREATE INDEX schedules_heatswitchsubscribermodel_switch_id_12ded067 ON public.schedules_heatswitchsubscribermodel USING btree (switch_id);


--
-- Name: schedules_thermostatsubscribermodel_owner_id_665532ac; Type: INDEX; Schema: public; Owner: doadmin
--

CREATE INDEX schedules_thermostatsubscribermodel_owner_id_665532ac ON public.schedules_thermostatsubscribermodel USING btree (owner_id);


--
-- Name: schedules_thermostatsubscribermodel_schedule_id_c2204072; Type: INDEX; Schema: public; Owner: doadmin
--

CREATE INDEX schedules_thermostatsubscribermodel_schedule_id_c2204072 ON public.schedules_thermostatsubscribermodel USING btree (schedule_id);


--
-- Name: schedules_thermostatsubscribermodel_thermostat_id_2bba7dfc; Type: INDEX; Schema: public; Owner: doadmin
--

CREATE INDEX schedules_thermostatsubscribermodel_thermostat_id_2bba7dfc ON public.schedules_thermostatsubscribermodel USING btree (thermostat_id);


--
-- Name: schedules_zonesubscribermodel_heating_zone_id_0f612b7f; Type: INDEX; Schema: public; Owner: doadmin
--

CREATE INDEX schedules_zonesubscribermodel_heating_zone_id_0f612b7f ON public.schedules_zonesubscribermodel USING btree (heating_zone_id);


--
-- Name: schedules_zonesubscribermodel_owner_id_171c6459; Type: INDEX; Schema: public; Owner: doadmin
--

CREATE INDEX schedules_zonesubscribermodel_owner_id_171c6459 ON public.schedules_zonesubscribermodel USING btree (owner_id);


--
-- Name: schedules_zonesubscribermodel_schedule_id_89b14fb6; Type: INDEX; Schema: public; Owner: doadmin
--

CREATE INDEX schedules_zonesubscribermodel_schedule_id_89b14fb6 ON public.schedules_zonesubscribermodel USING btree (schedule_id);


--
-- Name: support_supportreuquestmodel_user_id_f0b5bb98; Type: INDEX; Schema: public; Owner: doadmin
--

CREATE INDEX support_supportreuquestmodel_user_id_f0b5bb98 ON public.support_supportrequestmodel USING btree (user_id);


--
-- Name: user_visit_uservisit_hash_62c40efb_like; Type: INDEX; Schema: public; Owner: doadmin
--

CREATE INDEX user_visit_uservisit_hash_62c40efb_like ON public.user_visit_uservisit USING btree (hash varchar_pattern_ops);


--
-- Name: user_visit_uservisit_user_id_7d503bee; Type: INDEX; Schema: public; Owner: doadmin
--

CREATE INDEX user_visit_uservisit_user_id_7d503bee ON public.user_visit_uservisit USING btree (user_id);


--
-- Name: users_customuser_groups_customuser_id_958147bf; Type: INDEX; Schema: public; Owner: doadmin
--

CREATE INDEX users_customuser_groups_customuser_id_958147bf ON public.users_customuser_groups USING btree (customuser_id);


--
-- Name: users_customuser_groups_group_id_01390b14; Type: INDEX; Schema: public; Owner: doadmin
--

CREATE INDEX users_customuser_groups_group_id_01390b14 ON public.users_customuser_groups USING btree (group_id);


--
-- Name: users_customuser_user_permissions_customuser_id_5771478b; Type: INDEX; Schema: public; Owner: doadmin
--

CREATE INDEX users_customuser_user_permissions_customuser_id_5771478b ON public.users_customuser_user_permissions USING btree (customuser_id);


--
-- Name: users_customuser_user_permissions_permission_id_baaa2f74; Type: INDEX; Schema: public; Owner: doadmin
--

CREATE INDEX users_customuser_user_permissions_permission_id_baaa2f74 ON public.users_customuser_user_permissions USING btree (permission_id);


--
-- Name: users_customuser_username_80452fdf_like; Type: INDEX; Schema: public; Owner: doadmin
--

CREATE INDEX users_customuser_username_80452fdf_like ON public.users_customuser USING btree (username varchar_pattern_ops);


--
-- Name: users_providerprofilemodel_zip_id_f6dae733; Type: INDEX; Schema: public; Owner: doadmin
--

CREATE INDEX users_providerprofilemodel_zip_id_f6dae733 ON public.users_providerprofilemodel USING btree (zip_id);


--
-- Name: users_tenantprofilemodel_owner_id_091eab58; Type: INDEX; Schema: public; Owner: doadmin
--

CREATE INDEX users_tenantprofilemodel_owner_id_091eab58 ON public.users_tenantprofilemodel USING btree (owner_id);


--
-- Name: users_tenantprofilemodel_room_roommodel_id_c6c3548c; Type: INDEX; Schema: public; Owner: doadmin
--

CREATE INDEX users_tenantprofilemodel_room_roommodel_id_c6c3548c ON public.users_tenantprofilemodel_rooms USING btree (roommodel_id);


--
-- Name: users_tenantprofilemodel_room_tenantprofilemodel_id_c0d73188; Type: INDEX; Schema: public; Owner: doadmin
--

CREATE INDEX users_tenantprofilemodel_room_tenantprofilemodel_id_c0d73188 ON public.users_tenantprofilemodel_rooms USING btree (tenantprofilemodel_id);


--
-- Name: auth_group_permissions auth_group_permissio_permission_id_84c5c92e_fk_auth_perm; Type: FK CONSTRAINT; Schema: public; Owner: doadmin
--

ALTER TABLE ONLY public.auth_group_permissions
    ADD CONSTRAINT auth_group_permissio_permission_id_84c5c92e_fk_auth_perm FOREIGN KEY (permission_id) REFERENCES public.auth_permission(id) DEFERRABLE INITIALLY DEFERRED;


--
-- Name: auth_group_permissions auth_group_permissions_group_id_b120cbf9_fk_auth_group_id; Type: FK CONSTRAINT; Schema: public; Owner: doadmin
--

ALTER TABLE ONLY public.auth_group_permissions
    ADD CONSTRAINT auth_group_permissions_group_id_b120cbf9_fk_auth_group_id FOREIGN KEY (group_id) REFERENCES public.auth_group(id) DEFERRABLE INITIALLY DEFERRED;


--
-- Name: auth_permission auth_permission_content_type_id_2f476e4b_fk_django_co; Type: FK CONSTRAINT; Schema: public; Owner: doadmin
--

ALTER TABLE ONLY public.auth_permission
    ADD CONSTRAINT auth_permission_content_type_id_2f476e4b_fk_django_co FOREIGN KEY (content_type_id) REFERENCES public.django_content_type(id) DEFERRABLE INITIALLY DEFERRED;


--
-- Name: devices_analoguethermostatmodel devices_analoguether_zone_id_637c1c26_fk_propertie; Type: FK CONSTRAINT; Schema: public; Owner: doadmin
--

ALTER TABLE ONLY public.devices_analoguethermostatmodel
    ADD CONSTRAINT devices_analoguether_zone_id_637c1c26_fk_propertie FOREIGN KEY (zone_id) REFERENCES public.properties_zonemodel(id) DEFERRABLE INITIALLY DEFERRED;


--
-- Name: devices_boilermodel devices_boilermodel_owner_id_03e73c62_fk_users_own; Type: FK CONSTRAINT; Schema: public; Owner: doadmin
--

ALTER TABLE ONLY public.devices_boilermodel
    ADD CONSTRAINT devices_boilermodel_owner_id_03e73c62_fk_users_own FOREIGN KEY (owner_id) REFERENCES public.users_ownerprofilemodel(id) DEFERRABLE INITIALLY DEFERRED;


--
-- Name: devices_ioniqcontrollermodel devices_ioniqcontrol_boiler_id_babcfcd5_fk_devices_b; Type: FK CONSTRAINT; Schema: public; Owner: doadmin
--

ALTER TABLE ONLY public.devices_ioniqcontrollermodel
    ADD CONSTRAINT devices_ioniqcontrol_boiler_id_babcfcd5_fk_devices_b FOREIGN KEY (boiler_id) REFERENCES public.devices_boilermodel(id) DEFERRABLE INITIALLY DEFERRED;


--
-- Name: devices_ioniqcontrollermodel devices_ioniqcontrol_building_id_d9fbf08d_fk_propertie; Type: FK CONSTRAINT; Schema: public; Owner: doadmin
--

ALTER TABLE ONLY public.devices_ioniqcontrollermodel
    ADD CONSTRAINT devices_ioniqcontrol_building_id_d9fbf08d_fk_propertie FOREIGN KEY (building_id) REFERENCES public.properties_buildingmodel(id) DEFERRABLE INITIALLY DEFERRED;


--
-- Name: devices_ioniqcontrollermodel devices_ioniqcontrol_owner_id_8528af9f_fk_users_own; Type: FK CONSTRAINT; Schema: public; Owner: doadmin
--

ALTER TABLE ONLY public.devices_ioniqcontrollermodel
    ADD CONSTRAINT devices_ioniqcontrol_owner_id_8528af9f_fk_users_own FOREIGN KEY (owner_id) REFERENCES public.users_ownerprofilemodel(id) DEFERRABLE INITIALLY DEFERRED;


--
-- Name: devices_sensormodel devices_sensormodel_parent_device_id_8fa10bb9_fk_devices_i; Type: FK CONSTRAINT; Schema: public; Owner: doadmin
--

ALTER TABLE ONLY public.devices_sensormodel
    ADD CONSTRAINT devices_sensormodel_parent_device_id_8fa10bb9_fk_devices_i FOREIGN KEY (parent_device_id) REFERENCES public.devices_ioniqcontrollermodel(id) DEFERRABLE INITIALLY DEFERRED;


--
-- Name: devices_sensormodel devices_sensormodel_zone_id_d6f3c269_fk_properties_zonemodel_id; Type: FK CONSTRAINT; Schema: public; Owner: doadmin
--

ALTER TABLE ONLY public.devices_sensormodel
    ADD CONSTRAINT devices_sensormodel_zone_id_d6f3c269_fk_properties_zonemodel_id FOREIGN KEY (zone_id) REFERENCES public.properties_zonemodel(id) DEFERRABLE INITIALLY DEFERRED;


--
-- Name: devices_simpleswitchmodel devices_simpleswitch_zone_id_65b91c47_fk_propertie; Type: FK CONSTRAINT; Schema: public; Owner: doadmin
--

ALTER TABLE ONLY public.devices_simpleswitchmodel
    ADD CONSTRAINT devices_simpleswitch_zone_id_65b91c47_fk_propertie FOREIGN KEY (zone_id) REFERENCES public.properties_zonemodel(id) DEFERRABLE INITIALLY DEFERRED;


--
-- Name: devices_smartthermostatmodel devices_smartthermos_owner_id_f8a32b8b_fk_users_own; Type: FK CONSTRAINT; Schema: public; Owner: doadmin
--

ALTER TABLE ONLY public.devices_smartthermostatmodel
    ADD CONSTRAINT devices_smartthermos_owner_id_f8a32b8b_fk_users_own FOREIGN KEY (owner_id) REFERENCES public.users_ownerprofilemodel(id) DEFERRABLE INITIALLY DEFERRED;


--
-- Name: devices_smartthermostatmodel devices_smartthermos_zone_id_55137bff_fk_propertie; Type: FK CONSTRAINT; Schema: public; Owner: doadmin
--

ALTER TABLE ONLY public.devices_smartthermostatmodel
    ADD CONSTRAINT devices_smartthermos_zone_id_55137bff_fk_propertie FOREIGN KEY (zone_id) REFERENCES public.properties_zonemodel(id) DEFERRABLE INITIALLY DEFERRED;


--
-- Name: django_admin_log django_admin_log_content_type_id_c4bce8eb_fk_django_co; Type: FK CONSTRAINT; Schema: public; Owner: doadmin
--

ALTER TABLE ONLY public.django_admin_log
    ADD CONSTRAINT django_admin_log_content_type_id_c4bce8eb_fk_django_co FOREIGN KEY (content_type_id) REFERENCES public.django_content_type(id) DEFERRABLE INITIALLY DEFERRED;


--
-- Name: django_admin_log django_admin_log_user_id_c564eba6_fk_users_customuser_id; Type: FK CONSTRAINT; Schema: public; Owner: doadmin
--

ALTER TABLE ONLY public.django_admin_log
    ADD CONSTRAINT django_admin_log_user_id_c564eba6_fk_users_customuser_id FOREIGN KEY (user_id) REFERENCES public.users_customuser(id) DEFERRABLE INITIALLY DEFERRED;


--
-- Name: properties_apartmentalertdetailsmodel properties_apartment_apartment_id_9addf14d_fk_propertie; Type: FK CONSTRAINT; Schema: public; Owner: doadmin
--

ALTER TABLE ONLY public.properties_apartmentalertdetailsmodel
    ADD CONSTRAINT properties_apartment_apartment_id_9addf14d_fk_propertie FOREIGN KEY (apartment_id) REFERENCES public.properties_apartmentmodel(id) DEFERRABLE INITIALLY DEFERRED;


--
-- Name: properties_apartmentmodel properties_apartment_boiler_id_b765e184_fk_devices_b; Type: FK CONSTRAINT; Schema: public; Owner: doadmin
--

ALTER TABLE ONLY public.properties_apartmentmodel
    ADD CONSTRAINT properties_apartment_boiler_id_b765e184_fk_devices_b FOREIGN KEY (boiler_id) REFERENCES public.devices_boilermodel(id) DEFERRABLE INITIALLY DEFERRED;


--
-- Name: properties_apartmentmodel properties_apartment_building_id_74112d11_fk_propertie; Type: FK CONSTRAINT; Schema: public; Owner: doadmin
--

ALTER TABLE ONLY public.properties_apartmentmodel
    ADD CONSTRAINT properties_apartment_building_id_74112d11_fk_propertie FOREIGN KEY (building_id) REFERENCES public.properties_buildingmodel(id) DEFERRABLE INITIALLY DEFERRED;


--
-- Name: properties_buildingmodel properties_buildingm_boiler_id_6c6b6b79_fk_devices_b; Type: FK CONSTRAINT; Schema: public; Owner: doadmin
--

ALTER TABLE ONLY public.properties_buildingmodel
    ADD CONSTRAINT properties_buildingm_boiler_id_6c6b6b79_fk_devices_b FOREIGN KEY (boiler_id) REFERENCES public.devices_boilermodel(id) DEFERRABLE INITIALLY DEFERRED;


--
-- Name: properties_buildingmodel properties_buildingm_owner_id_e28cfe0d_fk_users_own; Type: FK CONSTRAINT; Schema: public; Owner: doadmin
--

ALTER TABLE ONLY public.properties_buildingmodel
    ADD CONSTRAINT properties_buildingm_owner_id_e28cfe0d_fk_users_own FOREIGN KEY (owner_id) REFERENCES public.users_ownerprofilemodel(id) DEFERRABLE INITIALLY DEFERRED;


--
-- Name: properties_buildingmodel properties_buildingm_provider_id_ae9f1627_fk_users_pro; Type: FK CONSTRAINT; Schema: public; Owner: doadmin
--

ALTER TABLE ONLY public.properties_buildingmodel
    ADD CONSTRAINT properties_buildingm_provider_id_ae9f1627_fk_users_pro FOREIGN KEY (provider_id) REFERENCES public.users_providerprofilemodel(id) DEFERRABLE INITIALLY DEFERRED;


--
-- Name: properties_buildingmodel properties_buildingm_zip_code_id_f0d67f33_fk_propertie; Type: FK CONSTRAINT; Schema: public; Owner: doadmin
--

ALTER TABLE ONLY public.properties_buildingmodel
    ADD CONSTRAINT properties_buildingm_zip_code_id_f0d67f33_fk_propertie FOREIGN KEY (zip_code_id) REFERENCES public.properties_zipcodemodel(id) DEFERRABLE INITIALLY DEFERRED;


--
-- Name: properties_roommodel properties_roommodel_analogue_thermostat__63b6ec2f_fk_devices_a; Type: FK CONSTRAINT; Schema: public; Owner: doadmin
--

ALTER TABLE ONLY public.properties_roommodel
    ADD CONSTRAINT properties_roommodel_analogue_thermostat__63b6ec2f_fk_devices_a FOREIGN KEY (analogue_thermostat_id) REFERENCES public.devices_analoguethermostatmodel(id) DEFERRABLE INITIALLY DEFERRED;


--
-- Name: properties_roommodel properties_roommodel_apartment_id_0894f475_fk_propertie; Type: FK CONSTRAINT; Schema: public; Owner: doadmin
--

ALTER TABLE ONLY public.properties_roommodel
    ADD CONSTRAINT properties_roommodel_apartment_id_0894f475_fk_propertie FOREIGN KEY (apartment_id) REFERENCES public.properties_apartmentmodel(id) DEFERRABLE INITIALLY DEFERRED;


--
-- Name: properties_roommodel properties_roommodel_heat_switch_id_dabbf41c_fk_devices_s; Type: FK CONSTRAINT; Schema: public; Owner: doadmin
--

ALTER TABLE ONLY public.properties_roommodel
    ADD CONSTRAINT properties_roommodel_heat_switch_id_dabbf41c_fk_devices_s FOREIGN KEY (heat_switch_id) REFERENCES public.devices_simpleswitchmodel(id) DEFERRABLE INITIALLY DEFERRED;


--
-- Name: properties_roommodel properties_roommodel_thermostat_id_085883a3_fk_devices_s; Type: FK CONSTRAINT; Schema: public; Owner: doadmin
--

ALTER TABLE ONLY public.properties_roommodel
    ADD CONSTRAINT properties_roommodel_thermostat_id_085883a3_fk_devices_s FOREIGN KEY (thermostat_id) REFERENCES public.devices_smartthermostatmodel(id) DEFERRABLE INITIALLY DEFERRED;


--
-- Name: properties_weatherrecordmodel properties_weatherre_zip_code_id_2288db23_fk_propertie; Type: FK CONSTRAINT; Schema: public; Owner: doadmin
--

ALTER TABLE ONLY public.properties_weatherrecordmodel
    ADD CONSTRAINT properties_weatherre_zip_code_id_2288db23_fk_propertie FOREIGN KEY (zip_code_id) REFERENCES public.properties_zipcodemodel(id) DEFERRABLE INITIALLY DEFERRED;


--
-- Name: properties_zonemodel properties_zonemodel_controller_id_7f956bbc_fk_devices_i; Type: FK CONSTRAINT; Schema: public; Owner: doadmin
--

ALTER TABLE ONLY public.properties_zonemodel
    ADD CONSTRAINT properties_zonemodel_controller_id_7f956bbc_fk_devices_i FOREIGN KEY (controller_id) REFERENCES public.devices_ioniqcontrollermodel(id) DEFERRABLE INITIALLY DEFERRED;


--
-- Name: schedules_analoguethermostatsubscribermodel schedules_analogueth_analogue_thermostat__46e4992a_fk_devices_a; Type: FK CONSTRAINT; Schema: public; Owner: doadmin
--

ALTER TABLE ONLY public.schedules_analoguethermostatsubscribermodel
    ADD CONSTRAINT schedules_analogueth_analogue_thermostat__46e4992a_fk_devices_a FOREIGN KEY (analogue_thermostat_id) REFERENCES public.devices_analoguethermostatmodel(id) DEFERRABLE INITIALLY DEFERRED;


--
-- Name: schedules_analoguethermostatsubscribermodel schedules_analogueth_owner_id_c1b0e986_fk_users_own; Type: FK CONSTRAINT; Schema: public; Owner: doadmin
--

ALTER TABLE ONLY public.schedules_analoguethermostatsubscribermodel
    ADD CONSTRAINT schedules_analogueth_owner_id_c1b0e986_fk_users_own FOREIGN KEY (owner_id) REFERENCES public.users_ownerprofilemodel(id) DEFERRABLE INITIALLY DEFERRED;


--
-- Name: schedules_analoguethermostatsubscribermodel schedules_analogueth_schedule_id_c8005d40_fk_schedules; Type: FK CONSTRAINT; Schema: public; Owner: doadmin
--

ALTER TABLE ONLY public.schedules_analoguethermostatsubscribermodel
    ADD CONSTRAINT schedules_analogueth_schedule_id_c8005d40_fk_schedules FOREIGN KEY (schedule_id) REFERENCES public.schedules_deviceschedulemodel(id) DEFERRABLE INITIALLY DEFERRED;


--
-- Name: schedules_heatswitchsubscribermodel schedules_heatswitch_owner_id_993dbe2c_fk_users_own; Type: FK CONSTRAINT; Schema: public; Owner: doadmin
--

ALTER TABLE ONLY public.schedules_heatswitchsubscribermodel
    ADD CONSTRAINT schedules_heatswitch_owner_id_993dbe2c_fk_users_own FOREIGN KEY (owner_id) REFERENCES public.users_ownerprofilemodel(id) DEFERRABLE INITIALLY DEFERRED;


--
-- Name: schedules_heatswitchsubscribermodel schedules_heatswitch_schedule_id_98732f26_fk_schedules; Type: FK CONSTRAINT; Schema: public; Owner: doadmin
--

ALTER TABLE ONLY public.schedules_heatswitchsubscribermodel
    ADD CONSTRAINT schedules_heatswitch_schedule_id_98732f26_fk_schedules FOREIGN KEY (schedule_id) REFERENCES public.schedules_deviceschedulemodel(id) DEFERRABLE INITIALLY DEFERRED;


--
-- Name: schedules_heatswitchsubscribermodel schedules_heatswitch_switch_id_12ded067_fk_devices_s; Type: FK CONSTRAINT; Schema: public; Owner: doadmin
--

ALTER TABLE ONLY public.schedules_heatswitchsubscribermodel
    ADD CONSTRAINT schedules_heatswitch_switch_id_12ded067_fk_devices_s FOREIGN KEY (switch_id) REFERENCES public.devices_simpleswitchmodel(id) DEFERRABLE INITIALLY DEFERRED;


--
-- Name: schedules_thermostatsubscribermodel schedules_thermostat_owner_id_665532ac_fk_users_own; Type: FK CONSTRAINT; Schema: public; Owner: doadmin
--

ALTER TABLE ONLY public.schedules_thermostatsubscribermodel
    ADD CONSTRAINT schedules_thermostat_owner_id_665532ac_fk_users_own FOREIGN KEY (owner_id) REFERENCES public.users_ownerprofilemodel(id) DEFERRABLE INITIALLY DEFERRED;


--
-- Name: schedules_thermostatsubscribermodel schedules_thermostat_schedule_id_c2204072_fk_schedules; Type: FK CONSTRAINT; Schema: public; Owner: doadmin
--

ALTER TABLE ONLY public.schedules_thermostatsubscribermodel
    ADD CONSTRAINT schedules_thermostat_schedule_id_c2204072_fk_schedules FOREIGN KEY (schedule_id) REFERENCES public.schedules_deviceschedulemodel(id) DEFERRABLE INITIALLY DEFERRED;


--
-- Name: schedules_thermostatsubscribermodel schedules_thermostat_thermostat_id_2bba7dfc_fk_devices_s; Type: FK CONSTRAINT; Schema: public; Owner: doadmin
--

ALTER TABLE ONLY public.schedules_thermostatsubscribermodel
    ADD CONSTRAINT schedules_thermostat_thermostat_id_2bba7dfc_fk_devices_s FOREIGN KEY (thermostat_id) REFERENCES public.devices_smartthermostatmodel(id) DEFERRABLE INITIALLY DEFERRED;


--
-- Name: schedules_zonesubscribermodel schedules_zonesubscr_heating_zone_id_0f612b7f_fk_propertie; Type: FK CONSTRAINT; Schema: public; Owner: doadmin
--

ALTER TABLE ONLY public.schedules_zonesubscribermodel
    ADD CONSTRAINT schedules_zonesubscr_heating_zone_id_0f612b7f_fk_propertie FOREIGN KEY (heating_zone_id) REFERENCES public.properties_zonemodel(id) DEFERRABLE INITIALLY DEFERRED;


--
-- Name: schedules_zonesubscribermodel schedules_zonesubscr_owner_id_171c6459_fk_users_own; Type: FK CONSTRAINT; Schema: public; Owner: doadmin
--

ALTER TABLE ONLY public.schedules_zonesubscribermodel
    ADD CONSTRAINT schedules_zonesubscr_owner_id_171c6459_fk_users_own FOREIGN KEY (owner_id) REFERENCES public.users_ownerprofilemodel(id) DEFERRABLE INITIALLY DEFERRED;


--
-- Name: schedules_zonesubscribermodel schedules_zonesubscr_schedule_id_89b14fb6_fk_schedules; Type: FK CONSTRAINT; Schema: public; Owner: doadmin
--

ALTER TABLE ONLY public.schedules_zonesubscribermodel
    ADD CONSTRAINT schedules_zonesubscr_schedule_id_89b14fb6_fk_schedules FOREIGN KEY (schedule_id) REFERENCES public.schedules_deviceschedulemodel(id) DEFERRABLE INITIALLY DEFERRED;


--
-- Name: support_supportrequestmodel support_supportreuqu_user_id_f0b5bb98_fk_users_cus; Type: FK CONSTRAINT; Schema: public; Owner: doadmin
--

ALTER TABLE ONLY public.support_supportrequestmodel
    ADD CONSTRAINT support_supportreuqu_user_id_f0b5bb98_fk_users_cus FOREIGN KEY (user_id) REFERENCES public.users_customuser(id) DEFERRABLE INITIALLY DEFERRED;


--
-- Name: user_visit_uservisit user_visit_uservisit_user_id_7d503bee_fk_users_customuser_id; Type: FK CONSTRAINT; Schema: public; Owner: doadmin
--

ALTER TABLE ONLY public.user_visit_uservisit
    ADD CONSTRAINT user_visit_uservisit_user_id_7d503bee_fk_users_customuser_id FOREIGN KEY (user_id) REFERENCES public.users_customuser(id) DEFERRABLE INITIALLY DEFERRED;


--
-- Name: users_customuser_groups users_customuser_gro_customuser_id_958147bf_fk_users_cus; Type: FK CONSTRAINT; Schema: public; Owner: doadmin
--

ALTER TABLE ONLY public.users_customuser_groups
    ADD CONSTRAINT users_customuser_gro_customuser_id_958147bf_fk_users_cus FOREIGN KEY (customuser_id) REFERENCES public.users_customuser(id) DEFERRABLE INITIALLY DEFERRED;


--
-- Name: users_customuser_groups users_customuser_groups_group_id_01390b14_fk_auth_group_id; Type: FK CONSTRAINT; Schema: public; Owner: doadmin
--

ALTER TABLE ONLY public.users_customuser_groups
    ADD CONSTRAINT users_customuser_groups_group_id_01390b14_fk_auth_group_id FOREIGN KEY (group_id) REFERENCES public.auth_group(id) DEFERRABLE INITIALLY DEFERRED;


--
-- Name: users_customuser_user_permissions users_customuser_use_customuser_id_5771478b_fk_users_cus; Type: FK CONSTRAINT; Schema: public; Owner: doadmin
--

ALTER TABLE ONLY public.users_customuser_user_permissions
    ADD CONSTRAINT users_customuser_use_customuser_id_5771478b_fk_users_cus FOREIGN KEY (customuser_id) REFERENCES public.users_customuser(id) DEFERRABLE INITIALLY DEFERRED;


--
-- Name: users_customuser_user_permissions users_customuser_use_permission_id_baaa2f74_fk_auth_perm; Type: FK CONSTRAINT; Schema: public; Owner: doadmin
--

ALTER TABLE ONLY public.users_customuser_user_permissions
    ADD CONSTRAINT users_customuser_use_permission_id_baaa2f74_fk_auth_perm FOREIGN KEY (permission_id) REFERENCES public.auth_permission(id) DEFERRABLE INITIALLY DEFERRED;


--
-- Name: users_ownerprofilemodel users_ownerprofilemodel_user_id_799d0df5_fk_users_customuser_id; Type: FK CONSTRAINT; Schema: public; Owner: doadmin
--

ALTER TABLE ONLY public.users_ownerprofilemodel
    ADD CONSTRAINT users_ownerprofilemodel_user_id_799d0df5_fk_users_customuser_id FOREIGN KEY (user_id) REFERENCES public.users_customuser(id) DEFERRABLE INITIALLY DEFERRED;


--
-- Name: users_providerprofilemodel users_providerprofil_user_id_28982143_fk_users_cus; Type: FK CONSTRAINT; Schema: public; Owner: doadmin
--

ALTER TABLE ONLY public.users_providerprofilemodel
    ADD CONSTRAINT users_providerprofil_user_id_28982143_fk_users_cus FOREIGN KEY (user_id) REFERENCES public.users_customuser(id) DEFERRABLE INITIALLY DEFERRED;


--
-- Name: users_providerprofilemodel users_providerprofil_zip_id_f6dae733_fk_propertie; Type: FK CONSTRAINT; Schema: public; Owner: doadmin
--

ALTER TABLE ONLY public.users_providerprofilemodel
    ADD CONSTRAINT users_providerprofil_zip_id_f6dae733_fk_propertie FOREIGN KEY (zip_id) REFERENCES public.properties_zipcodemodel(id) DEFERRABLE INITIALLY DEFERRED;


--
-- Name: users_staffprofilemodel users_staffprofilemodel_user_id_59a3baeb_fk_users_customuser_id; Type: FK CONSTRAINT; Schema: public; Owner: doadmin
--

ALTER TABLE ONLY public.users_staffprofilemodel
    ADD CONSTRAINT users_staffprofilemodel_user_id_59a3baeb_fk_users_customuser_id FOREIGN KEY (user_id) REFERENCES public.users_customuser(id) DEFERRABLE INITIALLY DEFERRED;


--
-- Name: users_tenantprofilemodel users_tenantprofilem_owner_id_091eab58_fk_users_own; Type: FK CONSTRAINT; Schema: public; Owner: doadmin
--

ALTER TABLE ONLY public.users_tenantprofilemodel
    ADD CONSTRAINT users_tenantprofilem_owner_id_091eab58_fk_users_own FOREIGN KEY (owner_id) REFERENCES public.users_ownerprofilemodel(id) DEFERRABLE INITIALLY DEFERRED;


--
-- Name: users_tenantprofilemodel_rooms users_tenantprofilem_roommodel_id_c6c3548c_fk_propertie; Type: FK CONSTRAINT; Schema: public; Owner: doadmin
--

ALTER TABLE ONLY public.users_tenantprofilemodel_rooms
    ADD CONSTRAINT users_tenantprofilem_roommodel_id_c6c3548c_fk_propertie FOREIGN KEY (roommodel_id) REFERENCES public.properties_roommodel(id) DEFERRABLE INITIALLY DEFERRED;


--
-- Name: users_tenantprofilemodel_rooms users_tenantprofilem_tenantprofilemodel_i_c0d73188_fk_users_ten; Type: FK CONSTRAINT; Schema: public; Owner: doadmin
--

ALTER TABLE ONLY public.users_tenantprofilemodel_rooms
    ADD CONSTRAINT users_tenantprofilem_tenantprofilemodel_i_c0d73188_fk_users_ten FOREIGN KEY (tenantprofilemodel_id) REFERENCES public.users_tenantprofilemodel(id) DEFERRABLE INITIALLY DEFERRED;


--
-- Name: users_tenantprofilemodel users_tenantprofilem_user_id_cafb7cdc_fk_users_cus; Type: FK CONSTRAINT; Schema: public; Owner: doadmin
--

ALTER TABLE ONLY public.users_tenantprofilemodel
    ADD CONSTRAINT users_tenantprofilem_user_id_cafb7cdc_fk_users_cus FOREIGN KEY (user_id) REFERENCES public.users_customuser(id) DEFERRABLE INITIALLY DEFERRED;


--
-- PostgreSQL database dump complete
--

